ID,Title,URL,Question,Answer
1,Hướng dẫn thủ tục nhập học vào Trường Đại học Công nghệ,https://uet.vnu.edu.vn/huong-dan-thu-tuc-nhap-hoc/,"Trong quá trình nhập học vào Trường Đại học Công nghệ, bạn cần thực hiện bước nào?",Nhập học trực tuyến
2,Hướng dẫn thủ tục nhập học vào Trường Đại học Công nghệ,https://uet.vnu.edu.vn/huong-dan-thu-tuc-nhap-hoc/,"Khi muốn đăng nhập vào hệ thống quản lý học tập, sinh viên sẽ sử dụng phương thức nào?",Đăng nhập với Google
3,Kiểm tra danh sách SV đủ điều kiện xét tốt nghiệp và kế hoạch xét tốt nghiệp tháng 6/2025,https://uet.vnu.edu.vn/kiem-tra-danh-sach-sv-du-dieu-kien-xet-tot-nghiep-va-ke-hoach-xet-tot-nghiep-thang-62025/,"Trong kỳ tuyển dụng viên chức hành chính năm 2023 của Trường Đại học Công nghệ, có bao nhiêu ứng viên được triệu tập tham dự thi Vòng 1?",100
4,Kiểm tra danh sách SV đủ điều kiện xét tốt nghiệp và kế hoạch xét tốt nghiệp tháng 6/2025,https://uet.vnu.edu.vn/kiem-tra-danh-sach-sv-du-dieu-kien-xet-tot-nghiep-va-ke-hoach-xet-tot-nghiep-thang-62025/,"Phía sau tiêu đề ""Kiểm tra danh sách SV đủ điều kiện xét tốt nghiệp và kế hoạch xét tốt nghiệp tháng 6/2025"" có thể tìm thấy thông tin gì?",Có thông tin về việc kiểm tra danh sách SV đủ điều kiện xét tốt nghiệp và kế hoạch xét tốt nghiệp tháng 6/2025.
5,Trường Đại học Công nghệ khai giảng năm học 2017-2018,https://uet.vnu.edu.vn/truong-dai-hoc-cong-nghe-khai-giang-nam-hoc-2017-2018/,Ai là những người tham dự buổi lễ khai giảng năm học 2017-2018?,"GS.TSKH. Nguyễn Đình Đức, PGS.TS. Đinh Văn Dũng, PGS.TS. Nguyễn Việt Hà, đại diện Hội cựu giáo chức và Hội cựu sinh viên Trường ĐHCN, đại diện lãnh đạo nhiều doanh nghiệp như FPT Software, Công ty cổ phần VP9..."
6,Trường Đại học Công nghệ khai giảng năm học 2017-2018,https://uet.vnu.edu.vn/truong-dai-hoc-cong-nghe-khai-giang-nam-hoc-2017-2018/,Những người tham dự buổi lễ khai giảng năm học 2017-2018 gồm những ai?,"GS.TSKH. Nguyễn Đình Đức, PGS.TS. Đinh Văn Dũng, PGS.TS. Nguyễn Việt Hà, đại diện Hội cựu giáo chức và Hội cựu sinh viên Trường ĐHCN, đại diện lãnh đạo nhiều doanh nghiệp như FPT Software, Công ty cổ phần VP9"
7,Kết quả xét tốt nghiệp đợt tháng 3/2025 của sinh viên bậc đại học,https://uet.vnu.edu.vn/ket-qua-xet-tot-nghiep-dot-thang-32025-cua-sinh-vien-bac-dai-hoc/,"Trong đợt tháng 03/2025, có bao nhiêu sinh viên đủ điều kiện tốt nghiệp và được cấp bằng?",100%
8,Kết quả xét tốt nghiệp đợt tháng 3/2025 của sinh viên bậc đại học,https://uet.vnu.edu.vn/ket-qua-xet-tot-nghiep-dot-thang-32025-cua-sinh-vien-bac-dai-hoc/,"Trong đợt tháng 03/2025, có bao nhiêu sinh viên chưa đủ điều kiện để xét tốt nghiệp?",0%
9,Triệu tập sinh viên tham dự Lễ kỷ niệm 120 năm ngày truyền thống  Đại học Quốc gia Hà Nội,https://uet.vnu.edu.vn/trieu-tap-sinh-vien-tham-du-le-ky-niem-120-nam-ngay-truyen-thong-dai-hoc-quoc-gia-ha-noi/,Thời gian tổ chức lễ kỷ niệm 120 năm ngày truyền thống Đại học Quốc gia Hà Nội là khi nào?,05h55 thứ Bảy ngày 16/05/2026
10,Triệu tập sinh viên tham dự Lễ kỷ niệm 120 năm ngày truyền thống  Đại học Quốc gia Hà Nội,https://uet.vnu.edu.vn/trieu-tap-sinh-vien-tham-du-le-ky-niem-120-nam-ngay-truyen-thong-dai-hoc-quoc-gia-ha-noi/,Địa điểm tổ chức lễ kỷ niệm 120 năm ngày truyền thống Đại học Quốc gia Hà Nội nằm ở đâu?,"Trung tâm Hội nghị Quốc gia (Số 1 Đại lộ Thăng Long, Hà Nội)."
11,"Tham gia cuộc thi “Học sinh, sinh viên với ý tưởng khởi nghiệp”",https://uet.vnu.edu.vn/tham-gia-cuoc-thi-hoc-sinh-sinh-vien-voi-y-tuong-khoi-nghiep/,"Trong cuộc thi ""Học sinh, sinh viên với ý tưởng khởi nghiệp"", nhà trường đã nhận được công văn số 3344/QĐ-BGDĐT, ngày 05 tháng 12 năm 2025, từ Bộ Giáo dục và Đào tạo?",Có
12,"Tham gia cuộc thi “Học sinh, sinh viên với ý tưởng khởi nghiệp”",https://uet.vnu.edu.vn/tham-gia-cuoc-thi-hoc-sinh-sinh-vien-voi-y-tuong-khoi-nghiep/,"Thời điểm bắt đầu đăng ký dự thi cuộc thi ""Học sinh, sinh viên với ý tưởng khởi nghiệp"" là khi nào?","Trước Chủ nhật, ngày 25 tháng 01 năm 2026, tại đường dẫn: https://forms.gle/QHA4wHeWqPWVTW8b8."
13,"Chương trình hè của Đại học Nữ sinh Fukuoka, Nhật Bản",https://uet.vnu.edu.vn/chuong-trinh-he-cua-dai-hoc-nu-sinh-fukuoka-nhat-ban/,"Thông tin về chương trình trao đổi sinh viên năm học 2026-2027 tại Đại học Nữ sinh Fukuoka, Nhật Bản?","Chương trình trao đổi sinh viên năm học 2026-2027 tại Đại học Nữ sinh Fukuoka, Nhật Bản gồm các khóa học tiếng Nhật, văn hóa đương đại Nhật Bản, dự án nghiên cứu độc lập và hình thức tổ chức trực tiếp tại cơ sở đào tạo của FWU."
14,"Chương trình hè của Đại học Nữ sinh Fukuoka, Nhật Bản",https://uet.vnu.edu.vn/chuong-trinh-he-cua-dai-hoc-nu-sinh-fukuoka-nhat-ban/,Thời gian học cho kỳ mùa Thu năm 2025 là bao lâu?,Thời gian học cho kỳ mùa Thu năm 2025 là từ 16/9/2026 đến 29/01/2027.
15,Yêu cầu SV kiểm tra dữ liệu  kết quả học tập tính đến HKII năm học 2024-2025,https://uet.vnu.edu.vn/yeu-cau-sv-kiem-tra-du-lieu-ket-qua-hoc-tap-tinh-den-hkii-nam-hoc-2024-2025/,Đề nghị sinh viên thực hiện những gì?,Kiểm tra dữ liệu điểm của mình trên website.
16,Yêu cầu SV kiểm tra dữ liệu  kết quả học tập tính đến HKII năm học 2024-2025,https://uet.vnu.edu.vn/yeu-cau-sv-kiem-tra-du-lieu-ket-qua-hoc-tap-tinh-den-hkii-nam-hoc-2024-2025/,Thời hạn phản hồi cho việc phát hiện sai sót trong dữ liệu điểm?,Đến hết ngày thứ 5 (09/10/2025).
17,Kết quả vòng 1 OLP Toán học Sinh viên Trường ĐHCN năm 2025,https://uet.vnu.edu.vn/ket-qua-vong-1-olp-toan-hoc-sinh-vien-truong-dhcn-nam-2025/,"Trong kỳ tuyển dụng viên chức hành chính năm 2023 của Trường Đại học Công nghệ, có bao nhiêu ứng viên được triệu tập tham dự thi Vòng 1?",200
18,Kết quả vòng 1 OLP Toán học Sinh viên Trường ĐHCN năm 2025,https://uet.vnu.edu.vn/ket-qua-vong-1-olp-toan-hoc-sinh-vien-truong-dhcn-nam-2025/,"Trong kỳ tuyển dụng viên chức hành chính năm 2023 của Trường Đại học Công nghệ, có bao nhiêu sinh viên được triệu tập tham dự thi Vòng 1?",Hơn 200
19,Trường Đại học Công nghệ vô địch kỳ thi lập trình quốc tế ACM/ICPC châu Á 2015 (điểm thi Hà Nội) và giành Cúp vàng cuộc thi Olympic tin học sinh viên lần thứ 24,https://uet.vnu.edu.vn/truong-dai-hoc-cong-nghe-vo-dich-ky-thi-lap-trinh-quoc-te-acmicpc-chau-2015-diem-thi-ha-noi-va-gianh-cup-vang-cuoc-thi-olympic-tin-hoc-sinh-vien-lan-thu-24/,"Trong hai ngày 27 và 28/11/2015, cuộc thi Olympic Tin học sinh viên lần thứ 24 và Kỳ thi lập trình sinh viên quốc tế ACM/ICPC lần thứ 41 đã được tổ chức tại Hà Nội.",Số ngày diễn ra kỳ thi là 2 ngày.
20,Trường Đại học Công nghệ vô địch kỳ thi lập trình quốc tế ACM/ICPC châu Á 2015 (điểm thi Hà Nội) và giành Cúp vàng cuộc thi Olympic tin học sinh viên lần thứ 24,https://uet.vnu.edu.vn/truong-dai-hoc-cong-nghe-vo-dich-ky-thi-lap-trinh-quoc-te-acmicpc-chau-2015-diem-thi-ha-noi-va-gianh-cup-vang-cuoc-thi-olympic-tin-hoc-sinh-vien-lan-thu-24/,Trường Đại học Công nghệ tham gia kỳ thi ACM/ICPC gồm 7 đội tuyển và tham gia cuộc thi Olympic Tin học sinh viên ở 3 khối thi.,Số đội tuyển tham gia kỳ thi ACM/ICPC là 7.
21,Cập nhật báo cáo tình hình việc làm của cựu sinh viên tốt nghiệp năm 2022,https://uet.vnu.edu.vn/cap-nhat-bao-cao-tinh-hinh-viec-lam-cua-cuu-sinh-vien-tot-nghiep-nam-2022/,Cập nhật báo cáo tình hình việc làm của cựu sinh viên tốt nghiệp năm 2022,Báo cáo này cung cấp thông tin về tình trạng việc làm của sinh viên tốt nghiệp năm 2022.
22,Cập nhật báo cáo tình hình việc làm của cựu sinh viên tốt nghiệp năm 2022,https://uet.vnu.edu.vn/cap-nhat-bao-cao-tinh-hinh-viec-lam-cua-cuu-sinh-vien-tot-nghiep-nam-2022/,"Trong kỳ tuyển dụng viên chức hành chính năm 2023 của Trường Đại học Công nghệ, có bao nhiêu ứng viên được triệu tập tham dự thi Vòng 1?",Số ứng viên được triệu tập tham dự thi Vòng 1 trong kỳ tuyển dụng viên chức hành chính năm 2023 của Trường Đại học Công nghệ không được nêu cụ thể trong văn bản.
23,Thủ khoa tốt nghiệp sớm Đỗ Minh Nhật: Thử thách bản thân từ lớp tiến trình đào tạo tích cực ngành Trí tuệ nhân tạo,https://uet.vnu.edu.vn/thu-khoa-tot-nghiep-som-do-minh-nhat-thu-thach-ban-than-tu-lop-tien-trinh-dao-tao-tich-cuc-nganh-tri-tue-nhan-tao/,"Đỗ Minh Nhật, thủ khoa tốt nghiệp ngành Trí tuệ nhân tạo (QH-2022) của Trường Đại học Công nghệ, Đại học Quốc gia Hà Nội (VNU-UET), đã vượt qua kỳ thi tốt nghiệp để trở thành một trong những sinh viên xuất sắc nhất.",Có bao nhiêu sinh viên xuất sắc nhất của VNU-UET?
24,Thủ khoa tốt nghiệp sớm Đỗ Minh Nhật: Thử thách bản thân từ lớp tiến trình đào tạo tích cực ngành Trí tuệ nhân tạo,https://uet.vnu.edu.vn/thu-khoa-tot-nghiep-som-do-minh-nhat-thu-thach-ban-than-tu-lop-tien-trinh-dao-tao-tich-cuc-nganh-tri-tue-nhan-tao/,"Minh Nhật, thủ khoa tốt nghiệp ngành Trí tuệ nhân tạo (QH-2022) của Trường Đại học Công nghệ, Đại học Quốc gia Hà Nội (VNU-UET), đã vượt qua kỳ thi tốt nghiệp để trở thành một trong những sinh viên xuất sắc nhất.",Có bao nhiêu sinh viên xuất sắc nhất của VNU-UET?
25,Mẫu biểu về trình bày khóa luận và đồ án tốt nghiệp cho sinh viên,https://uet.vnu.edu.vn/mau-bieu-ve-trinh-bay-khoa-luan-tot-nghiep-va-tot-nghiep-cho-sinh-vien/,Mẫu biểu về trình bày khóa luận và đồ án tốt nghiệp cho sinh viên được nhà trường cung cấp?,Có.
26,Mẫu biểu về trình bày khóa luận và đồ án tốt nghiệp cho sinh viên,https://uet.vnu.edu.vn/mau-bieu-ve-trinh-bay-khoa-luan-tot-nghiep-va-tot-nghiep-cho-sinh-vien/,Quy định về trình bày khóa luận tốt nghiệp CLC và chuẩn dành cho sinh viên chương trình đào tạo chuẩn và chất lượng cao?,Dành cho sinh viên chương trình đào tạo chuẩn và chất lượng cao.
27,Thông báo chương trình trao đổi mùa hè tại Nga,https://uet.vnu.edu.vn/thong-bao-chuong-trinh-trao-doi-mua-he-tai-nga/,Chương trình trao đổi mùa hè 2026 tại Nga?,"Có 3 chương trình: Đại học Liên bang Ural (UrFU), Khoa học máy tính, Công nghệ hạt nhân, Quản lý."
28,Thông báo chương trình trao đổi mùa hè tại Nga,https://uet.vnu.edu.vn/thong-bao-chuong-trinh-trao-doi-mua-he-tai-nga/,Các ngành đào tạo trong chương trình trao đổi mùa hè 2026 tại Nga?,"Trong chương trình này, có các ngành đào tạo như Khoa học máy tính, Công nghệ hạt nhân, Quản lý."
29,"Xếp hạng QS 2020: Lĩnh vực Vật lý và Thiên văn học xếp số 1 Việt Nam, lĩnh vực Khoa học máy tính và Hệ thống thông tin xếp trong nhóm 501 – 550 thế giới",https://uet.vnu.edu.vn/xep-hang-qs-2020-linh-vuc-vat-ly-va-thien-van-hoc-xep-1-viet-nam-linh-vuc-khoa-hoc-may-tinh-va-thong-thong-tin-xep-trong-nhom-501-550-gioi/,"Trong bảng xếp hạng QS năm 2020, trường nào xếp vị trí thứ hai ở Việt Nam trong lĩnh vực Khoa học máy tính và Hệ thống thông tin?",Trường Đại học Công nghệ (ĐHQGHN)
30,"Xếp hạng QS 2020: Lĩnh vực Vật lý và Thiên văn học xếp số 1 Việt Nam, lĩnh vực Khoa học máy tính và Hệ thống thông tin xếp trong nhóm 501 – 550 thế giới",https://uet.vnu.edu.vn/xep-hang-qs-2020-linh-vuc-vat-ly-va-thien-van-hoc-xep-1-viet-nam-linh-vuc-khoa-hoc-may-tinh-va-thong-thong-tin-xep-trong-nhom-501-550-gioi/,"Trường nào xếp thứ ba trong bảng xếp hạng QS năm 2020 về lĩnh vực Toán, Vật lý và Thiên văn học, Khoa học máy tính và Hệ thống thông tin?",Đại học Quốc gia Hà Nội
31,Đội tuyển LINUX đạt kết quả cao tại Kỳ thi Lập trình sinh viên Quốc tế ACM/ICPC châu Á,https://uet.vnu.edu.vn/doi-tuyen-linux-dat-ket-qua-cao-tai-ky-thi-lap-trinh-sinh-vien-quoc-te-acmicpc-chau/,"Đội LINUX của Trường ĐH Công nghệ, ĐHQGHN đã vượt qua bao nhiêu đội tuyển?",115
32,Đội tuyển LINUX đạt kết quả cao tại Kỳ thi Lập trình sinh viên Quốc tế ACM/ICPC châu Á,https://uet.vnu.edu.vn/doi-tuyen-linux-dat-ket-qua-cao-tai-ky-thi-lap-trinh-sinh-vien-quoc-te-acmicpc-chau/,Có bao nhiêu trường ĐH trong nước và quốc tế tham gia cuộc thi?,57
33,"Chuyến trải nghiệm chế tạo robot của đoàn cán bộ, sinh viên tại Trường Đại học Công nghiệp Chiba, Nhật Bản",https://uet.vnu.edu.vn/chuyen-trai-nghiem-che-tao-robot-cua-doan-can-bo-sinh-vien-tai-truong-dai-hoc-cong-nghiep-chiba-nhat-ban/,Tiêu đề của bài viết?,"Chuyến trải nghiệm chế tạo robot của đoàn cán bộ, sinh viên tại Trường Đại học Công nghệ (Đại học Quốc gia Hà Nội)"
34,"Chuyến trải nghiệm chế tạo robot của đoàn cán bộ, sinh viên tại Trường Đại học Công nghiệp Chiba, Nhật Bản",https://uet.vnu.edu.vn/chuyen-trai-nghiem-che-tao-robot-cua-doan-can-bo-sinh-vien-tai-truong-dai-hoc-cong-nghiep-chiba-nhat-ban/,Địa điểm của chuyến trải nghiệm?,"Trường Đại học Công nghiệp Chiba, Nhật Bản"
35,"Chuyến trải nghiệm chế tạo robot của đoàn cán bộ, sinh viên tại Trường Đại học Công nghiệp Chiba, Nhật Bản",https://uet.vnu.edu.vn/chuyen-trai-nghiem-che-tao-robot-cua-doan-can-bo-sinh-vien-tai-truong-dai-hoc-cong-nghiep-chiba-nhat-ban/,Thời gian của chuyến trải nghiệm?,Từ ngày 02/08 – 10/08/2018
36,"Chuyến trải nghiệm chế tạo robot của đoàn cán bộ, sinh viên tại Trường Đại học Công nghiệp Chiba, Nhật Bản",https://uet.vnu.edu.vn/chuyen-trai-nghiem-che-tao-robot-cua-doan-can-bo-sinh-vien-tai-truong-dai-hoc-cong-nghiep-chiba-nhat-ban/,Chương trình đào tạo của sinh viên chất lượng cao?,Chương trình đào tạo của sinh viên chất lượng cao theo Thông tư 23 của Bộ Giáo dục và Đào tạo
37,"Chuyến trải nghiệm chế tạo robot của đoàn cán bộ, sinh viên tại Trường Đại học Công nghiệp Chiba, Nhật Bản",https://uet.vnu.edu.vn/chuyen-trai-nghiem-che-tao-robot-cua-doan-can-bo-sinh-vien-tai-truong-dai-hoc-cong-nghiep-chiba-nhat-ban/,Các ngành học của đoàn cán bộ và sinh viên?,"Sinh viên ngành Khoa học máy tính, ngành Công nghệ kỹ thuật điện tử truyền thông và ngành Công nghệ thông tin"
38,Trường ĐHCN tuyển dụng kỹ sư làm việc tại Trại thực nghiệm Công nghệ Nông nghiệp (Hòa Lạc),https://uet.vnu.edu.vn/27952-2/,"Trong kỳ tuyển dụng viên chức hành chính năm 2023 của Trường Đại học Công nghệ, Trường ĐHCN cần tuyển bao nhiêu kỹ sư?",1 người
39,Trường ĐHCN tuyển dụng kỹ sư làm việc tại Trại thực nghiệm Công nghệ Nông nghiệp (Hòa Lạc),https://uet.vnu.edu.vn/27952-2/,Trường ĐHCN cần tuyển bao nhiêu nhân viên quản lý?,1 người
40,Kết quả xét tuyển thẳng và ưu tiên xét tuyển vào đại học chính quy năm 2018,https://uet.vnu.edu.vn/ket-qua-xet-tuyen-thang-va-uu-tien-xet-tuyen-vao-dai-hoc-chinh-quy-nam-2018/,"Trong kỳ tuyển sinh đại học chính quy năm 2018 của Trường Đại học Công nghệ, Đại học Quốc gia Hà Nội, có bao nhiêu thí sinh được ưu tiên xét tuyển?",06
41,Kết quả xét tuyển thẳng và ưu tiên xét tuyển vào đại học chính quy năm 2018,https://uet.vnu.edu.vn/ket-qua-xet-tuyen-thang-va-uu-tien-xet-tuyen-vao-dai-hoc-chinh-quy-nam-2018/,"Trong kỳ tuyển sinh đại học chính quy năm 2018 của Trường Đại học Công nghệ, Đại học Quốc gia Hà Nội, có bao nhiêu thí sinh được ưu tiên xét tuyển?",93
42,Một số biểu mẫu phục vụ việc bảo vệ luận văn của học viên,https://uet.vnu.edu.vn/mot-bieu-mau-phuc-vu-viec-bao-ve-luan-van-cua-hoc-vien/,Bài viết này nói về những gì?,Bài viết này đề cập đến các mẫu biểu giúp bảo vệ luận văn của sinh viên.
43,Một số biểu mẫu phục vụ việc bảo vệ luận văn của học viên,https://uet.vnu.edu.vn/mot-bieu-mau-phuc-vu-viec-bao-ve-luan-van-cua-hoc-vien/,Những mẫu biểu này được sử dụng cho mục đích gì?,Các mẫu biểu này được sử dụng để hỗ trợ quá trình bảo vệ luận văn của sinh viên.
44,Thu tiền tham gia BHYT năm 2026,https://uet.vnu.edu.vn/thu-tien-tham-gia-bhyt-nam-2026/,"Trong văn bản, mục tiêu của bài viết là gì?",Bài viết hướng dẫn cách thức và thời gian nộp tiền tham gia BHYT năm 2026 tại Trường Đại học Công nghệ.
45,Thu tiền tham gia BHYT năm 2026,https://uet.vnu.edu.vn/thu-tien-tham-gia-bhyt-nam-2026/,"Theo nội dung bài viết, những sinh viên nào không cần phải nộp tiền tham gia BHYT năm 2026?",Những sinh viên không phải nộp tiền tham gia BHYT tại trường vì thẻ BHYT đang còn hạn sử dụng hoặc thuộc đối tượng được cấp thẻ BHYT tại địa phương.
46,"Cảnh báo thủ đoạn tội phạm lợi dụng không gian mạng để dụ dỗ, lôi kéo  sinh viên",https://uet.vnu.edu.vn/canh-bao-thu-doan-toi-pham-loi-dung-khong-gian-mang-de-du-loi-keo-sinh-vien/,"Trong bài viết, chủ đề chính là gì?","Cảnh báo thủ đoạn tội phạm lợi dụng không gian mạng để dụ dỗ, lôi kéo sinh viên"
47,"Cảnh báo thủ đoạn tội phạm lợi dụng không gian mạng để dụ dỗ, lôi kéo  sinh viên",https://uet.vnu.edu.vn/canh-bao-thu-doan-toi-pham-loi-dung-khong-gian-mang-de-du-loi-keo-sinh-vien/,Bài viết nói về vấn đề gì?,"Cảnh báo thủ đoạn tội phạm lợi dụng không gian mạng để dụ dỗ, lôi kéo sinh viên"
48,"MobiFone tuyển dụng nhân sự các khối ngành IT, ĐTVT …. tại Hải Phòng và các tỉnh Đông Bắc Bộ",https://uet.vnu.edu.vn/mobifone-tuyen-dung-nhan-su-cac-khoi-nganh-dtvt-tai-hai-phong-va-cac-tinh-dong-bac-bo/,Trụ sở văn phòng của MobiFone đặt tại什么地方?,Thành phố Hải Phòng
49,"MobiFone tuyển dụng nhân sự các khối ngành IT, ĐTVT …. tại Hải Phòng và các tỉnh Đông Bắc Bộ",https://uet.vnu.edu.vn/mobifone-tuyen-dung-nhan-su-cac-khoi-nganh-dtvt-tai-hai-phong-va-cac-tinh-dong-bac-bo/,MobiFon đã thay đổi chiến lược kinh doanh từ gì đến gì?,Từ nhà cung cấp dịch vụ viễn thông và đa dịch vụ thành Nhà cung cấp Dịch vụ số.
50,Trường Đại học Công nghệ tuyển cán bộ kỹ thuật làm việc tại Trung tâm Máy tính,https://uet.vnu.edu.vn/truong-dai-hoc-cong-nghe-tuyen-ky-thuat-vien-lam-viec-tai-trung-tam-may-tinh/,Trung tâm máy tính cần tuyển ai?,Cán bộ kỹ thuật
51,Trường Đại học Công nghệ tuyển cán bộ kỹ thuật làm việc tại Trung tâm Máy tính,https://uet.vnu.edu.vn/truong-dai-hoc-cong-nghe-tuyen-ky-thuat-vien-lam-viec-tai-trung-tam-may-tinh/,Trường Đại học Công nghệ cần tuyển ai?,Cán bộ kỹ thuật
52,"Danh sách dự kiến MGHP cho sinh viên thuộc các đối tượng được hưởng, trong HKII năm học 2025-2026",https://uet.vnu.edu.vn/danh-sach-du-kien-mghp-cho-sinh-vien-thuoc-cac-doi-tuong-duoc-huong-trong-hkii-nam-hoc-2025-2026/,"Trong văn bản này, thông tin gì được cập nhật?",Danh sách sinh viên dự kiến được hưởng chính sách MGHP trong HKII năm học 2025-2026
53,"Danh sách dự kiến MGHP cho sinh viên thuộc các đối tượng được hưởng, trong HKII năm học 2025-2026",https://uet.vnu.edu.vn/danh-sach-du-kien-mghp-cho-sinh-vien-thuoc-cac-doi-tuong-duoc-huong-trong-hkii-nam-hoc-2025-2026/,Tại sao Phòng CTSV cần cập nhật danh sách này?,Để đảm bảo tính chính xác và kịp thời hóa thông tin về sinh viên dự kiến được hưởng chính sách MGHP trong HKII năm học 2025-2026.
54,"Cập nhật danh sách nộp hồ sơ miễn giảm học phí, học kỳ II năm học 2025-2026",https://uet.vnu.edu.vn/cap-nhat-danh-sach-nop-ho-so-mien-giam-hoc-phi-hoc-ky-ii-nam-hoc-2025-2026/,"Trong kỳ tuyển dụng viên chức hành chính năm 2023 của Trường Đại học Công nghệ, có bao nhiêu ứng viên được triệu tập tham dự thi Vòng 1?",100
55,"Cập nhật danh sách nộp hồ sơ miễn giảm học phí, học kỳ II năm học 2025-2026",https://uet.vnu.edu.vn/cap-nhat-danh-sach-nop-ho-so-mien-giam-hoc-phi-hoc-ky-ii-nam-hoc-2025-2026/,Hiện nay đã hết thời gian gian nộp hồ sơ MGHP HKII năm học 2025-2026.,Có.
56,Hoàn thiện nộp bản sao bằng tốt nghiệp THPT khóa QH-2024,https://uet.vnu.edu.vn/hoan-thien-nop-ban-sao-bang-tot-nghiep-thpt-khoa-qh-2024/,Tiêu đề bài viết đề cập đến việc hoàn thiện hồ sơ sinh viên?,Yes
57,Hoàn thiện nộp bản sao bằng tốt nghiệp THPT khóa QH-2024,https://uet.vnu.edu.vn/hoan-thien-nop-ban-sao-bang-tot-nghiep-thpt-khoa-qh-2024/,Thời hạn nộp bản sao bằng tốt nghiệp THPT cho sinh viên Khóa QH-2024-I/CQ (K69)?,Trước thứ Sáu ngày 30/05/2025
58,Báo cáo tình hình việc làm của cựu sinh viên tốt nghiệp năm 2024,https://uet.vnu.edu.vn/bao-cao-tinh-hinh-viec-lam-cua-cuu-sinh-vien-tot-nghiep-nam-2024/,Báo cáo tình hình việc làm của cựu sinh viên tốt nghiệp năm 2024 của哪家 cơ sở?,Trường Đại học Công nghệ
59,Báo cáo tình hình việc làm của cựu sinh viên tốt nghiệp năm 2024,https://uet.vnu.edu.vn/bao-cao-tinh-hinh-viec-lam-cua-cuu-sinh-vien-tot-nghiep-nam-2024/,Báo cáo này cung cấp thông tin về tình trạng việc làm của sinh viên tốt nghiệp và khả năng tham gia thị trường lao động của ai?,Cựu sinh viên tốt nghiệp năm 2024
60,"Nâng cao chất lượng đào tạo, thích ứng với cách mạng công nghiệp 4.0",https://uet.vnu.edu.vn/nang-cao-chat-luong-dao-tao-thich-ung-voi-cach-mang-cong-nghiep-4-0/,"Chiều ngày 07/07 tại Thị xã Cửa Lò, tỉnh Nghệ An, Trường Đại học Công nghệ tổ chức Hội nghị đào tạo năm học 2016-2017 nhằm đánh giá tình hình hoạt động đào tạo năm học 2016-2017 và trọng tâm công tác năm học 2017-2018.",Hội nghị đào tạo năm học 2016-2017
61,"Nâng cao chất lượng đào tạo, thích ứng với cách mạng công nghiệp 4.0",https://uet.vnu.edu.vn/nang-cao-chat-luong-dao-tao-thich-ung-voi-cach-mang-cong-nghiep-4-0/,"Phóng viên: ""Trường Đại học Công nghệ tổ chức Hội nghị đào tạo năm học 2016-2017?""",Hội nghị đào tạo năm học 2016-2017
62,CHƯƠNG TRÌNH THỰC TẬP SINH TẠI CÔNG TY LG INNOTEK VIỆT NAM HẢI PHÒNG,https://uet.vnu.edu.vn/chuong-trinh-thuc-tap-sinh-tai-cong-ty-lg-innotek-viet-nam-hai-phong/,Có bao nhiêu chương trình thực tập sinh tại LG Innotek?,1
63,CHƯƠNG TRÌNH THỰC TẬP SINH TẠI CÔNG TY LG INNOTEK VIỆT NAM HẢI PHÒNG,https://uet.vnu.edu.vn/chuong-trinh-thuc-tap-sinh-tai-cong-ty-lg-innotek-viet-nam-hai-phong/,Có bao nhiêu chương trình thực tập sinh tại LG Innotek?,1
64,Tuyển cán bộ hợp đồng làm việc tại Trung tâm Máy tính,https://uet.vnu.edu.vn/tuyen-can-bo-hop-dong-lam-viec-tai-trung-tam-may-tinh/,Số lượng vị trí cần tuyển là bao nhiêu?,02 vị trí
65,Tuyển cán bộ hợp đồng làm việc tại Trung tâm Máy tính,https://uet.vnu.edu.vn/tuyen-can-bo-hop-dong-lam-viec-tai-trung-tam-may-tinh/,Thời gian nhận hồ sơ kéo dài bao lâu?,Từ ngày 24/8/2020 đến 11/9/2020
66,Khám sức khỏe đầu khóa,https://uet.vnu.edu.vn/kham-suc-khoe-dau-khoa/,Bác sĩ yêu cầu sinh viên khóa QH-2025 (K70) thực hiện khám sức khỏe đầu khóa học?,Có
67,Khám sức khỏe đầu khóa,https://uet.vnu.edu.vn/kham-suc-khoe-dau-khoa/,Thời gian khám sức khỏe đầu khóa học là từ khi nào đến khi nào?,"Từ thứ Hai, ngày 01/12/2025 đến hết thứ Sáu, ngày 05/12/2025."
68,"Kết quả điểm rèn luyện học kỳ II năm học 2024-2025 của sinh viên QH-2021 hệ cử nhân và sinh viên tốt nghiệp sớm đợt xét tháng 6/2025, điểm rèn luyện toàn khóa của sinh viên tốt nghiệp đợt xét tháng 6/2025",https://uet.vnu.edu.vn/ket-qua-diem-ren-luyen-hoc-ky-ii-nam-hoc-2024-2025-cua-sinh-vien-qh-2021-cu-nhan-va-sinh-vien-tot-nghiep-som-dot-xet-thang-62025-diem-ren-luyen-toan-khoa-cua-sinh-vien-tot-nghiep-dot-xet-thang-6/,"Trong bài viết này, mục tiêu của sinh viên QH-2021 thuộc hệ cử nhân và sinh viên tốt nghiệp sớm đợt xét tháng 6/2025 được đánh giá như thế nào?",Điểm rèn luyện toàn khóa
69,"Kết quả điểm rèn luyện học kỳ II năm học 2024-2025 của sinh viên QH-2021 hệ cử nhân và sinh viên tốt nghiệp sớm đợt xét tháng 6/2025, điểm rèn luyện toàn khóa của sinh viên tốt nghiệp đợt xét tháng 6/2025",https://uet.vnu.edu.vn/ket-qua-diem-ren-luyen-hoc-ky-ii-nam-hoc-2024-2025-cua-sinh-vien-qh-2021-cu-nhan-va-sinh-vien-tot-nghiep-som-dot-xet-thang-62025-diem-ren-luyen-toan-khoa-cua-sinh-vien-tot-nghiep-dot-xet-thang-6/,"Nội dung của văn bản này tập trung vào việc đánh giá kết quả điểm rèn luyện học kỳ II năm học 2024-2025 cho sinh viên QH-2021 thuộc hệ cử nhân và sinh viên tốt nghiệp sớm đợt xét tháng 6/2025, bao gồm cả điểm rèn luyện toàn khóa của sinh viên dự kiến tốt nghiệp đợt 6/2025?",Điểm rèn luyện toàn khóa
70,Tham gia cuộc thi sinh viên với ý tưởng khởi nghiệp”,https://uet.vnu.edu.vn/tham-gia-cuoc-thi-sinh-vien-voi-y-tuong-khoi-nghiep/,"Năm 2026, QVIC sẽ mở rộng đến khối Trường Đại học và Viện nghiên cứu - những trung tâm tri thức then chốt trong quá trình nghiên cứu, phát triển và thương mại hóa công nghệ.","Năm 2026, QVIC mở rộng đến khối Trường Đại học và Viện nghiên cứu - những trung tâm tri thức then chốt trong quá trình nghiên cứu, phát triển và thương mại hóa công nghệ."
71,Tham gia cuộc thi sinh viên với ý tưởng khởi nghiệp”,https://uet.vnu.edu.vn/tham-gia-cuoc-thi-sinh-vien-voi-y-tuong-khoi-nghiep/,Thông tin chi tiết về chương trình được gửi kèm theo thông báo này.,Thông tin chi tiết về chương trình được gửi kèm theo thông báo này.
72,Sinh viên K69 ngành Trí tuệ nhân tạo kiểm tra thông tin trong danh sách thống kê điểm để xét học bổng khuyến khích học tập trong HKII năm học 2025-2026,https://uet.vnu.edu.vn/sinh-vien-k69-nganh-tri-tue-nhan-tao-kiem-tra-thong-tin-trong-danh-sach-thong-ke-diem-de-xet-hoc-bong-khuyen-khich-hoc-tap-trong-hkii-nam-hoc-2025-2026/,Thời hạn gửi thắc mắc là trước bao giờ?,Trước 08h30 ngày 06/05/2026
73,Sinh viên K69 ngành Trí tuệ nhân tạo kiểm tra thông tin trong danh sách thống kê điểm để xét học bổng khuyến khích học tập trong HKII năm học 2025-2026,https://uet.vnu.edu.vn/sinh-vien-k69-nganh-tri-tue-nhan-tao-kiem-tra-thong-tin-trong-danh-sach-thong-ke-diem-de-xet-hoc-bong-khuyen-khich-hoc-tap-trong-hkii-nam-hoc-2025-2026/,Nội dung của văn bản này liên quan đến việc gì?,Việc xét cấp học bổng khuyến khích học tập trong HKII năm học 2025-2026 cho sinh viên K69 ngành Trí tuệ nhân tạo.
74,Thông báo điểm thi của thí sinh dự thi tuyển viên chức Trường ĐHCN năm 2016,https://uet.vnu.edu.vn/thong-bao-diem-thi-cua-thi-sinh-du-thi-tuyen-vien-chuc-truong-dhcn-nam-2016/,"Trong kỳ tuyển dụng viên chức hành chính năm 2016 của Trường Đại học Công nghệ, có bao nhiêu thí sinh đã được triệu tập tham dự thi?",50
75,Thông báo điểm thi của thí sinh dự thi tuyển viên chức Trường ĐHCN năm 2016,https://uet.vnu.edu.vn/thong-bao-diem-thi-cua-thi-sinh-du-thi-tuyen-vien-chuc-truong-dhcn-nam-2016/,Số lượng thí sinh được triệu tập tham dự thi tuyển viên chức Trường ĐHCN năm 2016 là bao nhiêu?,50
76,Từ những sản phẩm quen thuộc đến hành trình tìm “vi khuẩn có lợi”,https://uet.vnu.edu.vn/tu-nhung-san-pham-quen-thuoc-den-hanh-trinh-tim-vi-khuan-co-loi/,"Từ những sản phẩm quen thuộc đến hành trình tìm “vi khuẩn có lợi” trong cuộc sống hàng ngày, đề tài ""Nghiên cứu tuyển chọn chủng vi khuẩn Bacillus subtilis có đặc tính probiotic"" bắt đầu từ đâu?",Đề tài bắt đầu từ những sản phẩm quen thuộc như natto và thực phẩm lên men từ đậu tương.
77,Từ những sản phẩm quen thuộc đến hành trình tìm “vi khuẩn có lợi”,https://uet.vnu.edu.vn/tu-nhung-san-pham-quen-thuoc-den-hanh-trinh-tim-vi-khuan-co-loi/,Điều gì khiến đề tài trở nên khác biệt so với các nghiên cứu trước đây?,"Đề tài không chỉ đánh giá một vài đặc tính riêng lẻ, mà tiến hành sàng lọc các chủng Bacillus subtilis dựa trên nhiều tiêu chí đồng thời, bao gồm khả năng chịu pH thấp, chịu muối mật, sinh enzyme ngoại bào, khả năng làm tan cục máu đông, độ an toàn thông qua thử nghiệm tan máu và mức độ nhạy cảm với kháng sinh."
78,Chương trình mùa hè với Mạng lưới các trường đại học Đông Nam Á (AUN),https://uet.vnu.edu.vn/chuong-trinh-mua-he-voi-mang-luoi-cac-truong-dai-hoc-dong-nam-a-aun/,Thông báo về Chương trình Mùa Hè với Mạng Lưới Trường Đại Học Đông Nam Á (AUN)?,Có bao nhiêu chương trình Mùa Hè với Mạng Lưới Trường Đại Học Đông Nam Á (AUN)?
79,Chương trình mùa hè với Mạng lưới các trường đại học Đông Nam Á (AUN),https://uet.vnu.edu.vn/chuong-trinh-mua-he-voi-mang-luoi-cac-truong-dai-hoc-dong-nam-a-aun/,Các chương trình Mùa Hè với Mạng Lưới Trường Đại Học Đông Nam Á (AUN) diễn ra từ khi nào?,Các chương trình Mùa Hè với Mạng Lưới Trường Đại Học Đông Nam Á (AUN) diễn ra từ 12/7 - 25/7 năm 2026?
80,Chương trình mùa hè với Mạng lưới các trường đại học Đông Nam Á (AUN),https://uet.vnu.edu.vn/chuong-trinh-mua-he-voi-mang-luoi-cac-truong-dai-hoc-dong-nam-a-aun/,Tại sao các chương trình này được tổ chức?,Các chương trình Mùa Hè với Mạng Lưới Trường Đại Học Đông Nam Á (AUN) được tổ chức nhằm mục đích gì?
81,Cấp trợ cấp xã hội học kỳ II năm học 2025-2026 cho sinh viên đại học hệ chính quy,https://uet.vnu.edu.vn/cap-tro-cap-xa-hoi-hoc-ky-ii-nam-hoc-2025-2026-cho-sinh-vien-dai-hoc-he-chinh-quy/,"Trong văn bản, mục tiêu chính là gì?",Văn bản này hướng dẫn việc cấp trợ cấp xã hội cho sinh viên đại học hệ chính quy.
82,Cấp trợ cấp xã hội học kỳ II năm học 2025-2026 cho sinh viên đại học hệ chính quy,https://uet.vnu.edu.vn/cap-tro-cap-xa-hoi-hoc-ky-ii-nam-hoc-2025-2026-cho-sinh-vien-dai-hoc-he-chinh-quy/,"Trong văn bản, mục tiêu chính là gì?",Văn bản này hướng dẫn việc cấp trợ cấp xã hội cho sinh viên đại học hệ chính quy.
83,Cuộc thi Sáng tạo và Khởi nghiệp sinh viên quốc tế Trung Quốc năm 2026 – Trạm Việt Nam,https://uet.vnu.edu.vn/cuoc-thi-sang-tao-va-khoi-nghiep-sinh-vien-quoc-te-trung-quoc-nam-2026-tram-viet-nam/,Thời gian đăng ký trực tuyến bắt đầu từ lúc nào?,Từ 11 giờ 00 phút đến 11/5/2026
84,Cuộc thi Sáng tạo và Khởi nghiệp sinh viên quốc tế Trung Quốc năm 2026 – Trạm Việt Nam,https://uet.vnu.edu.vn/cuoc-thi-sang-tao-va-khoi-nghiep-sinh-vien-quoc-te-trung-quoc-nam-2026-tram-viet-nam/,Ngày và giờ cụ thể của vòng Chung khảo trực tiếp là gì?,Ngày 30-31/5/2026
85,Tham dự các hoạt động hợp tác giữa Việt Nam – Liên bang Nga do Bộ Giáo dục và Đào tạo tổ chức,https://uet.vnu.edu.vn/tham-du-cac-hoat-dong-hop-tac-giua-viet-nam-lien-bang-nga-do-bo-giao-duc-va-dao-tao-to-chuc/,Thông báo về Ngày hội Giáo dục Đại học Liên bang Nga diễn ra khi nào?,23/05/2026
86,Tham dự các hoạt động hợp tác giữa Việt Nam – Liên bang Nga do Bộ Giáo dục và Đào tạo tổ chức,https://uet.vnu.edu.vn/tham-du-cac-hoat-dong-hop-tac-giua-viet-nam-lien-bang-nga-do-bo-giao-duc-va-dao-tao-to-chuc/,Địa điểm tổ chức Ngày hội Giáo dục Đại học Liên bang Nga ở đâu?,"Trường Đại học Giao thông Vận tải, số 3 Cầu Giấy, phường Láng, Hà Nội"
87,Cập nhật báo cáo tình hình việc làm của cựu sinh viên tốt nghiệp năm 2023,https://uet.vnu.edu.vn/cap-nhat-bao-cao-tinh-hinh-viec-lam-cua-cuu-sinh-vien-tot-nghiep-nam-2023/,Tiêu đề của bài viết là gì?,Cập nhật báo cáo tình hình việc làm của cựu sinh viên tốt nghiệp năm 2023
88,Cập nhật báo cáo tình hình việc làm của cựu sinh viên tốt nghiệp năm 2023,https://uet.vnu.edu.vn/cap-nhat-bao-cao-tinh-hinh-viec-lam-cua-cuu-sinh-vien-tot-nghiep-nam-2023/,Nội dung chính của bài viết là gì?,Báo cáo khảo sát việc làm của sinh viên tốt nghiệp năm 2023 và cập nhật thông tin về tình trạng việc làm sau khi tốt nghiệp.
89,Tuyển cán bộ hợp đồng làm việc tại Phòng Đào tạo,https://uet.vnu.edu.vn/tuyen-can-bo-hop-dong-lam-viec-tai-phong-dao-tao/,"Trong kỳ tuyển dụng viên chức hành chính năm 2023 của Trường Đại học Công nghệ, có bao nhiêu ứng viên được triệu tập tham dự thi Vòng 1?",1
90,Tuyển cán bộ hợp đồng làm việc tại Phòng Đào tạo,https://uet.vnu.edu.vn/tuyen-can-bo-hop-dong-lam-viec-tai-phong-dao-tao/,Tại sao Trường Đại học Công nghệ cần tuyển 1 chuyên viên làm việc theo hình thức hợp đồng lao động tại Phòng Đào tạo?,Để tuyển sinh cho các chương trình chất lượng cao theo Thông tư 23/2014/TT-BGDĐT.
91,Tuyển chuyên viên văn phòng làm việc theo hình thức hợp đồng lao động,https://uet.vnu.edu.vn/tuyen-chuyen-vien-van-phong-lam-viec-theo-hinh-thuc-hop-dong-lao-dong/,Bao nhiêu chuyên viên văn phòng sẽ được tuyển dụng?,02
92,Tuyển chuyên viên văn phòng làm việc theo hình thức hợp đồng lao động,https://uet.vnu.edu.vn/tuyen-chuyen-vien-van-phong-lam-viec-theo-hinh-thuc-hop-dong-lao-dong/,Thời gian nhận hồ sơ tuyển dụng diễn ra từ ngày nào đến ngày nào?,Từ ngày 05/9/2017 đến hết ngày 18/9/2017
93,"Chương trình hợp tác liên kết đào tạo, tuyển dụng giữa Trường ĐH Công nghệ với Công ty TNHH Nissan Automotive Technology Việt Nam",https://uet.vnu.edu.vn/chuong-trinh-hop-tac-lien-ket-dao-tao-tuyen-dung-giua-truong-dh-cong-nghe-voi-cong-ty-tnhh-nissan-automotive-technology-viet-nam/,Có bao nhiêu bộ phận hiện tại của NATV?,16
94,"Chương trình hợp tác liên kết đào tạo, tuyển dụng giữa Trường ĐH Công nghệ với Công ty TNHH Nissan Automotive Technology Việt Nam",https://uet.vnu.edu.vn/chuong-trinh-hop-tac-lien-ket-dao-tao-tuyen-dung-giua-truong-dh-cong-nghe-voi-cong-ty-tnhh-nissan-automotive-technology-viet-nam/,Thời gian đào tạo tiếng Nhật kéo dài bao lâu?,9 tháng (4/2023~ 12/2023)
95,"Chương trình hợp tác liên kết đào tạo, tuyển dụng giữa Trường ĐH Công nghệ với Công ty TNHH Nissan Automotive Technology Việt Nam",https://uet.vnu.edu.vn/chuong-trinh-hop-tac-lien-ket-dao-tao-tuyen-dung-giua-truong-dh-cong-nghe-voi-cong-ty-tnhh-nissan-automotive-technology-viet-nam/,Thời gian vào công ty dự kiến bao lâu?,1 tháng (1/2024)
96,"Chương trình hợp tác liên kết đào tạo, tuyển dụng giữa Trường ĐH Công nghệ với Công ty TNHH Nissan Automotive Technology Việt Nam",https://uet.vnu.edu.vn/chuong-trinh-hop-tac-lien-ket-dao-tao-tuyen-dung-giua-truong-dh-cong-nghe-voi-cong-ty-tnhh-nissan-automotive-technology-viet-nam/,Sinh viên được tuyển chọn từ các khoa nào?,"Cơ học Kỹ thuật và Tự động hóa, Vật lý Kỹ thuật và Công nghệ Nano, Công nghệ thông tin, Điện tử Viễn thông"
97,"Sinh viên Trường Đại học Công nghệ đạt nhiều giải cao tại Kỳ thi Olympic Tin học Sinh viên Việt Nam lần thứ 30, Procon và kỳ thi Lập trình sinh viên quốc tế ICPC Asia Hà Nội 2021",https://uet.vnu.edu.vn/sinh-vien-truong-dai-hoc-cong-nghe-dat-nhieu-giai-cao-tai-ky-thi-olympic-tin-hoc-sinh-vien-viet-nam-lan-thu-30-procon-va-ky-thi-lap-trinh-sinh-vien-quoc-te-icpc-asia-ha-noi-2021/,"Trong kỳ thi Olympic Tin học sinh viên Việt Nam lần thứ 30, Procon và kỳ thi Lập trình sinh viên quốc tế ICPC Asia Hà Nội năm 2021, đội tuyển sinh viên Trường Đại học Công nghệ (Đại học Quốc gia Hà Nội) đã đạt những thành tích như thế nào?","Các đội tuyển của Trường Đại học Công nghệ đã đạt Cúp vô địch kỳ thi Procon, Giải nhất kỳ thi ICPC Asia Hà Nội và 01 Cúp Vàng, 02 Cúp Đồng kỳ thi Olympic Tin học sinh viên Việt Nam."
98,"Sinh viên Trường Đại học Công nghệ đạt nhiều giải cao tại Kỳ thi Olympic Tin học Sinh viên Việt Nam lần thứ 30, Procon và kỳ thi Lập trình sinh viên quốc tế ICPC Asia Hà Nội 2021",https://uet.vnu.edu.vn/sinh-vien-truong-dai-hoc-cong-nghe-dat-nhieu-giai-cao-tai-ky-thi-olympic-tin-hoc-sinh-vien-viet-nam-lan-thu-30-procon-va-ky-thi-lap-trinh-sinh-vien-quoc-te-icpc-asia-ha-noi-2021/,"Tại kỳ thi Olympic Tin học sinh viên Toàn quốc, Procon quốc gia và Kỳ thi lập trình ICPC ASIA Hà Nội năm 2021, Trường Đại học Công nghệ có bao nhiêu đội tuyển tham dự?",Trường Đại học Công nghệ có 09 đội tuyển th
99,"Thúc đẩy chương trình hợp tác, trao đổi sinh viên quốc tế",https://uet.vnu.edu.vn/thuc-day-chuong-trinh-hop-tac-trao-doi-sinh-vien-quoc-te/,"Trong chương trình trao đổi sinh viên quốc tế giữa Trường Đại học Công nghệ và Trường Đại học Polytechnique of Lille, tại sao các sinh viên Việt Nam và Pháp được chọn để tham gia?",Vì mục tiêu tăng cường giao lưu học thuật giữa hai trường.
100,"Thúc đẩy chương trình hợp tác, trao đổi sinh viên quốc tế",https://uet.vnu.edu.vn/thuc-day-chuong-trinh-hop-tac-trao-doi-sinh-vien-quoc-te/,"Tại buổi trao đổi sinh viên quốc tế giữa Trường Đại học Công nghệ và Trường Đại học Polytechnique of Lille, những sinh viên nào đã tham gia vào việc thiết kế và chế tạo một robot dựa trên công nghệ tạo mẫu nhanh 3D?",Các sinh viên Việt Nam và Pháp.
101,"Học viên cao học, nghiên cứu sinh khóa QH-2017 (K24) nhập học đợt 1",https://uet.vnu.edu.vn/hoc-vien-cao-hoc-nghien-cuu-sinh-khoa-qh-2017-k24-nhap-hoc-dot-1/,Số học viên cao học và NCS trúng tuyển đợt 1 năm 2017 là bao nhiêu?,76
102,"Học viên cao học, nghiên cứu sinh khóa QH-2017 (K24) nhập học đợt 1",https://uet.vnu.edu.vn/hoc-vien-cao-hoc-nghien-cuu-sinh-khoa-qh-2017-k24-nhap-hoc-dot-1/,Số học viên cao học và NCS trúng tuyển đợt 1 năm 2017 là bao nhiêu?,76
103,Lễ bảo vệ luận án tiến sĩ chuyên ngành Hệ thống thông tin của Nghiên cứu sinh Hà Văn Sang,https://uet.vnu.edu.vn/le-bao-ve-luan-tien-si-chuyen-nganh-thong-thong-tin-cua-nghien-cuu-sinh-ha-van-sang/,Tiêu đề của lễ bảo vệ luận án tiến sĩ của NCS Hà Văn Sang là gì?,Lễ bảo vệ luận án tiến sĩ của NCS Hà Văn Sang diễn ra tại Trường Đại học Công nghệ - Đại học Quốc gia Hà Nội vào sáng ngày 13/04.
104,Lễ bảo vệ luận án tiến sĩ chuyên ngành Hệ thống thông tin của Nghiên cứu sinh Hà Văn Sang,https://uet.vnu.edu.vn/le-bao-ve-luan-tien-si-chuyen-nganh-thong-thong-tin-cua-nghien-cuu-sinh-ha-van-sang/,Ai là người hướng dẫn luận án của NCS Hà Văn Sang?,PGS.TS. Nguyễn Hà Nam và PGS.TS. Nguyễn Hải Châu hướng dẫn luận án của NCS Hà Văn Sang.
105,"Miễn, giảm học phí và kinh phí được hưởng theo chế độ, trong học kỳ II năm học 2025-2026 của sinh viên đại học chính quy Trường Đại học Công nghệ",https://uet.vnu.edu.vn/mien-giam-hoc-phi-va-kinh-phi-duoc-huong-theo-che-do-trong-hoc-ky-ii-nam-hoc-2025-2026-cua-sinh-vien-dai-hoc-chinh-quy-truong-dai-hoc-cong-nghe/,"Quyết định số 2080/QĐ-ĐHCN ngày 29 tháng 09 năm 2025 của Hiệu trưởng Trường Đại học Công nghệ, về việc quy định định mức học phí các CTĐT năm học 2025-2026?",Đây là quyết định của Hiệu trưởng Trường Đại học Công nghệ về việc quy định học phí cho các chương trình đào tạo (CTĐT) trong năm học 2025-2026.
106,"Miễn, giảm học phí và kinh phí được hưởng theo chế độ, trong học kỳ II năm học 2025-2026 của sinh viên đại học chính quy Trường Đại học Công nghệ",https://uet.vnu.edu.vn/mien-giam-hoc-phi-va-kinh-phi-duoc-huong-theo-che-do-trong-hoc-ky-ii-nam-hoc-2025-2026-cua-sinh-vien-dai-hoc-chinh-quy-truong-dai-hoc-cong-nghe/,"Trong học kỳ II năm học 2025-2026, Trường Đại học Công nghệ đã điều chỉnh học phí cho các chương trình đào tạo nào?",Học phí đã được điều chỉnh cho các chương trình đào tạo trong học kỳ II năm học 2025-2026 tại Trường Đại học Công nghệ.
107,Quy chế đào tạo thạc sĩ tại Đại học Quốc gia Hà Nội,https://uet.vnu.edu.vn/quy-che-dao-tao-thac-si-tai-dai-hoc-quoc-gia-ha-noi/,Quy chế đào tạo thạc sĩ tại Đại học Quốc gia Hà Nội có hiệu lực từ ngày nào?,Ngày 21/10/2022
108,Quy chế đào tạo thạc sĩ tại Đại học Quốc gia Hà Nội,https://uet.vnu.edu.vn/quy-che-dao-tao-thac-si-tai-dai-hoc-quoc-gia-ha-noi/,Quy chế mới về đào tạo thạc sĩ tại Đại học Quốc gia Hà Nội được ban hành dưới dạng quyết định nào?,Quyết định số 3636/QĐ-ĐHQGHN
109,Quy chế đào tạo thạc sĩ tại Đại học Quốc gia Hà Nội,https://uet.vnu.edu.vn/quy-che-dao-tao-thac-si-tai-dai-hoc-quoc-gia-ha-noi/,Trách nhiệm cụ thể của đơn vị đào tạo và giảng viên trong Quy chế mới về đào tạo thạc sĩ tại Đại học Quốc gia Hà Nội bao gồm những gì?,"Tổ chức đào tạo, công nhận học vị và cấp bằng, trách nhiệm của đơn vị đào tạo, nghĩa vụ, quyền lợi của giảng viên và học viên, tài chính cho đào tạo, thanh kiểm tra, giải quyết và xử lý vi phạm."
110,"Quy định điều kiện, trình tự, thủ tục mở ngành đào tạo trình độ Đại học",https://uet.vnu.edu.vn/quy-dinh-dieu-kien-trinh-tu-thu-tuc-mo-nganh-dao-tao-trinh-do-dai-hoc/,"Trong văn bản này, thông qua những văn bản nào Bộ trưởng Bộ Giáo dục và Đào tạo đã quy định về điều kiện, trình tự, thủ tục mở ngành đào tạo bậc Đại học tại Trường Đại học Công nghệ, ĐHQGHN?",Thông tư số 17/2021/TT-BGDĐT ngày 22/06/2021
111,"Quy định điều kiện, trình tự, thủ tục mở ngành đào tạo trình độ Đại học",https://uet.vnu.edu.vn/quy-dinh-dieu-kien-trinh-tu-thu-tuc-mo-nganh-dao-tao-trinh-do-dai-hoc/,"Thông tư số 02/2022/TT-BGDĐT ngày 18/01/2022 của Bộ trưởng Bộ Giáo dục và Đào tạo quy định điều kiện, trình tự, thủ tục mở ngành đào tạo, đình chỉ hoạt động của ngành đào tạo trình độ đại học, thạc sĩ, tiến sĩ, thuộc nội dung nào của văn bản?","Điều 2, Điều 3, Điều 4, Điều 5, Điều 6, Điều 7,"
112,Thông báo số 2 về triển khai cho sinh viên tham gia BHYT năm 2026,https://uet.vnu.edu.vn/thong-bao-so-2-ve-trien-khai-cho-sinh-vien-tham-gia-bhyt-nam-2026/,"Trong thông báo số 2, nhà trường đã triển khai cho sinh viên tham gia BHYT năm 2026 cho những nhóm nào?","Sinh viên các Khóa QH-(2022,2023,2024)"
113,Thông báo số 2 về triển khai cho sinh viên tham gia BHYT năm 2026,https://uet.vnu.edu.vn/thong-bao-so-2-ve-trien-khai-cho-sinh-vien-tham-gia-bhyt-nam-2026/,"Theo thông báo, sinh viên nào không cần phải nộp tiền tham gia BHYT năm 2026?",Sinh viên xin không tham gia BHYT tại trường
114,Thông báo số 2 về triển khai cho sinh viên tham gia BHYT năm 2026,https://uet.vnu.edu.vn/thong-bao-so-2-ve-trien-khai-cho-sinh-vien-tham-gia-bhyt-nam-2026/,"Trong thông báo, sinh viên khóa QH-2025 đã được triển khai làm gì?",Tham gia BHYT năm 2026 ngay sau khi sinh viên nhập học
115,Tham gia cuộc thi “Khởi nghiệp Sáng tạo RnD to Startup 2025”,https://uet.vnu.edu.vn/tham-gia-cuoc-thi-khoi-nghiep-sang-tao-rnd-startup-2025/,"Các bạn sinh viên cần đáp ứng những tiêu chuẩn và quy định cụ thể nào để tham gia cuộc thi ""Khởi nghiệp Sáng tạo RnD to Startup 2025""?","Các bạn sinh viên cần đáp ứng các tiêu chuẩn và quy định cụ thể để tham gia cuộc thi ""Khởi nghiệp Sáng tạo RnD to Startup 2025""."
116,Tham gia cuộc thi “Khởi nghiệp Sáng tạo RnD to Startup 2025”,https://uet.vnu.edu.vn/tham-gia-cuoc-thi-khoi-nghiep-sang-tao-rnd-startup-2025/,"Số điện thoại và email liên hệ của Ban Tổ chức cuộc thi ""Khởi nghiệp Sáng tạo RnD to Startup 2025"" là gì?",Số điện thoại của Ban Tổ chức cuộc thi là 0968.968.849 và email là linhdk@vnu.edu.vn.
117,Học bổng Vallet năm 2026,https://uet.vnu.edu.vn/hoc-bong-vallet-nam-2026/,Nơi tổ chức triển khai học bổng Vallet năm 2026?,Trường Đại học Công nghệ
118,Học bổng Vallet năm 2026,https://uet.vnu.edu.vn/hoc-bong-vallet-nam-2026/,Thông tin chi tiết về học bổng dành cho Sinh viên/Học viên cao học/Nghiên cứu sinh Trường Đại học Công nghệ như sau:,Số lượng học bổng sinh viên đại học: 10 suất chính thức (+ 03 suất dự bị).
119,Trường Đại học Công nghệ tuyển nhân viên trực giảng,https://uet.vnu.edu.vn/truong-dai-hoc-cong-nghe-tuyen-nhan-vien-truc-giang/,Trường Đại học Công nghệ cần tuyển bao nhiêu nhân viên trực giảng?,02 nhân viên trực giảng
120,Trường Đại học Công nghệ tuyển nhân viên trực giảng,https://uet.vnu.edu.vn/truong-dai-hoc-cong-nghe-tuyen-nhan-vien-truc-giang/,Thời gian làm việc của nhân viên trực giảng là bao lâu mỗi ngày?,Không quá 10 giờ trong một ngày
121,Trường Đại học Công nghệ tuyển nhân viên trực giảng,https://uet.vnu.edu.vn/truong-dai-hoc-cong-nghe-tuyen-nhan-vien-truc-giang/,Nhân viên trực giảng được hưởng mức lương bao nhiêu?,"Hàng tháng khoảng 4,5 triệu"
122,Trường Đại học Công nghệ tuyển nhân viên trực giảng,https://uet.vnu.edu.vn/truong-dai-hoc-cong-nghe-tuyen-nhan-vien-truc-giang/,Địa điểm nhận hồ sơ dự tuyển là đâu?,"Phòng Tổ chức Cán bộ 715 – Nhà E3, Trường ĐHCN, ĐHQGHN, 144 Xuân Thủy, Cầu Giấy, Hà Nội"
123,Chọn cử SV tham gia đoàn đi Trung Quốc,https://uet.vnu.edu.vn/chon-cu-sv-tham-gia-doan-di-trung-quoc/,Số lượng sinh viên Việt Nam được chọn cử tham gia đoàn đi Trung Quốc?,01 sinh viên
124,Chọn cử SV tham gia đoàn đi Trung Quốc,https://uet.vnu.edu.vn/chon-cu-sv-tham-gia-doan-di-trung-quoc/,Các tiêu chí lựa chọn sinh viên tham gia đoàn đi Trung Quốc bao gồm những điều gì?,"Sinh viên Việt Nam, đang theo học đại học, có hộ chiếu, kết quả học tập từ loại Giỏi trở lên, có năng khiếu nghệ thuật, sức khỏe tốt, đảm bảo tham gia đầy đủ các hoạt động trong khuôn khổ chương trình."
125,Kết quả giải quyết thắc mắc về điểm đánh giá học phần học kỳ I năm học 2024-2025,https://uet.vnu.edu.vn/ket-qua-giai-quyet-thac-mac-ve-diem-danh-gia-hoc-phan-hoc-ky-nam-hoc-2024-2025/,Tiêu đề của bài viết?,Kết quả giải quyết thắc mắc về điểm đánh giá học phần học kỳ I năm học 2024-2025
126,Kết quả giải quyết thắc mắc về điểm đánh giá học phần học kỳ I năm học 2024-2025,https://uet.vnu.edu.vn/ket-qua-giai-quyet-thac-mac-ve-diem-danh-gia-hoc-phan-hoc-ky-nam-hoc-2024-2025/,Nội dung chính của văn bản?,Kết quả xem lại điểm đánh giá học phần học kỳ I năm học 2024-2025.
127,Thông tin tuyển sinh bậc Thạc sĩ và Tiến sĩ ngành Kỹ thuật Xây dựng đợt 1 năm 2022,https://uet.vnu.edu.vn/thong-tin-tuyen-sinh-bac-thac-si-va-tien-si-chuyen-nganh-ky-thuat-xay-dung-dot-1-nam-2022/,"Trong kỳ tuyển dụng viên chức hành chính năm 2023 của Trường Đại học Công nghệ, có bao nhiêu ứng viên được triệu tập tham dự thi Vòng 1?",02
128,Tuyển dụng viên chức giảng viên năm 2024,https://uet.vnu.edu.vn/tuyen-dung-vien-chuc-giang-vien-nam-2024/,"Trong kỳ tuyển dụng viên chức giảng viên năm 2024 của Trường Đại học Công nghệ, tổng số vị trí tuyển dụng là bao nhiêu?",25
129,Tuyển dụng viên chức giảng viên năm 2024,https://uet.vnu.edu.vn/tuyen-dung-vien-chuc-giang-vien-nam-2024/,"Trong kỳ tuyển dụng viên chức giảng viên năm 2024 của Trường Đại học Công nghệ, cụ thể mỗi khoa và viện sẽ tuyển dụng bao nhiêu vị trí?","- Khoa Công nghệ Thông tin: 05
- Khoa Điện tử - Viễn thông: 05
- Khoa Vật lý kỹ thuật và Công nghệ Nano: 01
- Khoa Cơ học kỹ thuật và Tự động hóa: 02
- Khoa Công nghệ Nông nghiệp: 01
- Viện Công nghệ Hàng không Vũ trụ: 01
- Viện Trí tuệ nhân tạo: 02
- Khoa Công nghệ Xây dựng - Giao"
130,Tổ chức “Tuần lễ hội nhập sinh viên” năm học 2025-2026,https://uet.vnu.edu.vn/chuc-tuan-le-hoi-nhap-sinh-vien-nam-hoc-2025-2026/,"Mục đích của ""Tuần lễ hội nhập sinh viên"" năm học 2025-2026?","Tạo không khí phấn khởi, tự hào, tâm thế tự tin, hào hứng để sinh viên (SV) bước vào năm học 2025-2026, chủ động thích ứng linh hoạt vừa thực hiện nhiệm vụ dạy - học vừa bảo đảm thông suốt về công tác chính trị, tư tưởng."
131,Tổ chức “Tuần lễ hội nhập sinh viên” năm học 2025-2026,https://uet.vnu.edu.vn/chuc-tuan-le-hoi-nhap-sinh-vien-nam-hoc-2025-2026/,"Nội dung cụ thể của ""Tuần lễ hội nhập sinh viên"" năm học 2025-2026?","Quán triệt ý thức tự giác, trách nhiệm tiếp tục thực hiện nghiêm các biện pháp phòng, chống dịch bệnh, phổ biến nội dung các văn bản pháp quy quan trọng, cập nhật liên quan đến quyền lợi, trách nhiệm của SV, thông tin về kế hoạch học tập, các hoạt động văn"
132,Trường Đại học Công nghệ có 03 nhà giáo đạt tiêu chuẩn chức danh Phó Giáo sư năm 2017,https://uet.vnu.edu.vn/truong-dai-hoc-cong-nghe-co-03-nha-giao-dat-tieu-chuan-chuc-danh-pho-giao-su-nam-2017/,"Trong kỳ họp HĐCDGSNN năm 2017, Trường Đại học Công nghệ có bao nhiêu nhà giáo đạt tiêu chuẩn chức danh Phó Giáo sư?",03
133,Trường Đại học Công nghệ có 03 nhà giáo đạt tiêu chuẩn chức danh Phó Giáo sư năm 2017,https://uet.vnu.edu.vn/truong-dai-hoc-cong-nghe-co-03-nha-giao-dat-tieu-chuan-chuc-danh-pho-giao-su-nam-2017/,"Trong kỳ họp HĐCDGSNN năm 2017, Trường Đại học Công nghệ có bao nhiêu nhà giáo đạt tiêu chuẩn chức danh Phó Giáo sư?",03
134,TechXpo Challenge 2025 Chính Thức Khởi Động – Sân Chơi Công Nghệ Thực Chiến Dành Cho Các Bạn Trẻ Đam Mê Lập Trình Và Đổi Mới Sáng Tạo,https://uet.vnu.edu.vn/techxpo-challenge-2025-chinh-thuc-khoi-dong-san-choi-cong-nghe-thuc-chien-danh-cho-cac-ban-tre-dam-lap-trinh-va-doi-moi-sang-tao/,Tiêu đề của bài viết?,TechXpo Challenge 2025 Chính Thức Khởi Động – Sân Chơi Công Nghệ Thực Chiến Dành Cho Các Bạn Trẻ Đam Mê Lập Trình Và Đổi Mới Sáng Tạo
135,TechXpo Challenge 2025 Chính Thức Khởi Động – Sân Chơi Công Nghệ Thực Chiến Dành Cho Các Bạn Trẻ Đam Mê Lập Trình Và Đổi Mới Sáng Tạo,https://uet.vnu.edu.vn/techxpo-challenge-2025-chinh-thuc-khoi-dong-san-choi-cong-nghe-thuc-chien-danh-cho-cac-ban-tre-dam-lap-trinh-va-doi-moi-sang-tao/,Nội dung của bài viết?,"Lần đầu tiên ra mắt, TechXpo Challenge 2025 là sân chơi công nghệ sáng tạo do Câu lạc bộ Tài năng Công nghệ trẻ Vingroup (VinTech Talent) tổ chức, dành cho học sinh THPT, sinh viên và các thành viên dưới 30 tuổi đang học tập và làm việc tại Tập đoàn Vingroup."
136,Tuyển sinh ĐHCQ năm 2022: Nhiều chính sách hấp dẫn tạo động lực phát triển,https://uet.vnu.edu.vn/29933-2/,"Năm 2022, ĐHQGHN tiếp tục sử dụng kết quả kỳ thi tốt nghiệp THPT để xét tuyển đại học.",Có
137,Tuyển sinh ĐHCQ năm 2022: Nhiều chính sách hấp dẫn tạo động lực phát triển,https://uet.vnu.edu.vn/29933-2/,"Ông GS.TSKH Nguyễn Đình Đức, xin ông cho biết một vài nét cơ bản về phương án tuyển sinh năm 2022 của ĐHQGHN?",Có
138,Tuyển sinh ĐHCQ năm 2022: Nhiều chính sách hấp dẫn tạo động lực phát triển,https://uet.vnu.edu.vn/29933-2/,"Về cơ bản, các phương thức tuyển sinh của ĐHQGHN vẫn được giữ ổn định như năm 2021 trên nguyên tắc đảm bảo chất lượng đầu vào và chúng tôi luôn xác định đây là tiêu chí hàng đầu của ĐHQGHN.",Có
139,"Nhập học chương trình đào tạo chất lượng cao ngành Khoa học máy tính và Công nghệ kỹ thuật điện tử, truyền thông theo Thông tư 23/2014/TT-BGDĐT",https://uet.vnu.edu.vn/nhap-hoc-chuong-trinh-dao-tao-chat-luong-cao-nganh-khoa-hoc-may-tinh-va-cong-nghe-ky-thuat-dien-tu-truyen-thong-theo-thong-tu-232014tt-bgddt/,"Trong kỳ tuyển dụng viên chức hành chính năm 2023 của Trường Đại học Công nghệ, có bao nhiêu ứng viên được triệu tập tham dự thi Vòng 1?",100%
140,"Nhập học chương trình đào tạo chất lượng cao ngành Khoa học máy tính và Công nghệ kỹ thuật điện tử, truyền thông theo Thông tư 23/2014/TT-BGDĐT",https://uet.vnu.edu.vn/nhap-hoc-chuong-trinh-dao-tao-chat-luong-cao-nganh-khoa-hoc-may-tinh-va-cong-nghe-ky-thuat-dien-tu-truyen-thong-theo-thong-tu-232014tt-bgddt/,"Trong kỳ tuyển dụng viên chức hành chính năm 2023 của Trường Đại học Công nghệ, có bao nhiêu ứng viên được triệu tập tham dự thi Vòng 1?",100%
141,Dự kiến cấp học bổng khuyến khích học tập cho SV trong HKII năm học 2025-2026,https://uet.vnu.edu.vn/du-kien-cap-hoc-bong-khuyen-khich-hoc-tap-cho-sv-trong-hkii-nam-hoc-2025-2026/,"Trong văn bản này, tiêu đề đề cập đến việc gì?",Dự kiến cấp học bổng khuyến khích học tập cho SV trong HKII năm học 2025-2026
142,Dự kiến cấp học bổng khuyến khích học tập cho SV trong HKII năm học 2025-2026,https://uet.vnu.edu.vn/du-kien-cap-hoc-bong-khuyen-khich-hoc-tap-cho-sv-trong-hkii-nam-hoc-2025-2026/,"Theo nội dung văn bản, những điều kiện nào để được nhận học bổng khuyến khích học tập?",Có tổng số tín chỉ từ 15 tín trở lên (theo quy định); nếu các sinh viên có số tín chỉ ít hơn 15 tín thì phải là sinh viên năm cuối không còn các học phần để học (chỉ còn KL hoặc môn tương đương) nhưng số tín chỉ không ít hơn 12 tín.
143,Cảnh báo các hiện tượng lừa đảo,https://uet.vnu.edu.vn/canh-bao-cac-hien-tuong-lua-dao/,Các đối tượng lừa đảo sử dụng những thủ đoạn như thế nào?,"Họ giả danh tổ chức giáo dục, cơ quan nhà nước, lập website, tài khoản mạng xã hội giả mạo, cung cấp các văn bản giả mạo có dấu đỏ của các cơ quan, tổ chức để tạo lòng tin nhằm lôi kéo, dụ dỗ người học/gia đình người học tin vào các chương trình học bổng du học và đóng phí tham gia/phí giữ chỗ để chiếm đoạt tài sản."
144,Cảnh báo các hiện tượng lừa đảo,https://uet.vnu.edu.vn/canh-bao-cac-hien-tuong-lua-dao/,"Có bao nhiêu trường hợp phụ huynh, sinh viên của Nhà trường đã phản ánh nhận được thông tin giả mạo?","Có nhiều trường hợp phụ huynh, sinh viên của Nhà trường đã phản ánh nhận được thông tin giả mạo."
145,"Trường Đại học Công nghệ, Đại học Quốc gia Hà Nội tuyển dụng giảng viên, trợ giảng cho các Khoa, Viện thuộc Trường",https://uet.vnu.edu.vn/truong-dai-hoc-cong-nghe-dai-hoc-quoc-gia-ha-noi-tuyen-dung-giang-vien-tro-giang-cho-cac-khoa-vien-thuoc-truong/,"Trong kỳ tuyển dụng viên chức hành chính năm 2023 của Trường Đại học Công nghệ, có bao nhiêu ứng viên được triệu tập tham dự thi Vòng 1?",100
146,"Trường Đại học Công nghệ, Đại học Quốc gia Hà Nội tuyển dụng giảng viên, trợ giảng cho các Khoa, Viện thuộc Trường",https://uet.vnu.edu.vn/truong-dai-hoc-cong-nghe-dai-hoc-quoc-gia-ha-noi-tuyen-dung-giang-vien-tro-giang-cho-cac-khoa-vien-thuoc-truong/,"Trường Đại học Công nghệ, Đại học Quốc gia Hà Nội tuyển dụng giảng viên, trợ giảng cho các Khoa, Viện thuộc Trường với các tiêu chuẩn, hồ sơ và hình thức xét tuyển như sau:",Có bao nhiêu ứng viên được triệu tập tham dự thi Vòng 1?
147,Định mức học phí trong năm học 2024-2025 đối với các sinh viên thuộc các CTĐT khác nhau nhưng học các lớp học phần cùng nhau tại Trường ĐH Công nghệ,https://uet.vnu.edu.vn/dinh-muc-hoc-phi-trong-nam-hoc-2024-2025-doi-voi-cac-sinh-vien-thuoc-cac-ctdt-khac-nhau-nhung-hoc-cac-lop-hoc-phan-cung-nhau-tai-truong-dh-cong-nghe/,"Trong năm học 2024-2025, Trường Đại học Công nghệ áp dụng định mức học phí cho các sinh viên thuộc các chương trình đào tạo khác nhau?",Có
148,Định mức học phí trong năm học 2024-2025 đối với các sinh viên thuộc các CTĐT khác nhau nhưng học các lớp học phần cùng nhau tại Trường ĐH Công nghệ,https://uet.vnu.edu.vn/dinh-muc-hoc-phi-trong-nam-hoc-2024-2025-doi-voi-cac-sinh-vien-thuoc-cac-ctdt-khac-nhau-nhung-hoc-cac-lop-hoc-phan-cung-nhau-tai-truong-dh-cong-nghe/,"Trong năm học 2024-2025, Trường Đại học Công nghệ áp dụng định mức học phí cho các sinh viên thuộc các chương trình đào tạo khác nhau?",Có
149,"[Infographic] Chương trình chuyển tiếp quốc tế dành cho đại học, sau đại học",https://uet.vnu.edu.vn/infographic-chuong-trinh-chuyen-tiep-quoc-te-danh-cho-dai-hoc-sau-dai-hoc/,"Trong chương trình chuyển tiếp quốc tế dành cho đại học, sau đại học, Trường Đại học Công nghệ - Đại học Quốc gia Hà Nội nằm ở vị trí nào trong danh sách các trường đại học hàng đầu về khối ngành kỹ thuật công nghệ?",Trường Đại học Công nghệ - Đại học Quốc gia Hà Nội nằm trong top những trường hàng đầu về khối ngành kỹ thuật công nghệ.
150,"[Infographic] Chương trình chuyển tiếp quốc tế dành cho đại học, sau đại học",https://uet.vnu.edu.vn/infographic-chuong-trinh-chuyen-tiep-quoc-te-danh-cho-dai-hoc-sau-dai-hoc/,"Sau khi xem infographic, bạn nhận thấy điều gì về chương trình chuyển tiếp quốc tế dành cho đại học, sau đại học của Trường Đại học Công nghệ - Đại học Quốc gia Hà Nội?","Chương trình này giúp sinh viên, học viên và nghiên cứu sinh học tập trong môi trường đào tạo chuẩn quốc tế, nâng cao kiến thức chuyên môn và phát triển kỹ năng mềm."
151,Trường Đại học Công nghệ: Vô địch kỳ thi ACM/ICPC năm 2011,https://uet.vnu.edu.vn/truong-dai-hoc-cong-nghe-vo-dich-ky-thi-acmicpc-nam-2011/,"Năm nay, OLP tổ chức khối thi ""Phần mềm nguồn mở"" và giải thưởng ""Mùa hè sáng tạo viết ứng dụng phần mềm nguồn mở""?",Có
152,Trường Đại học Công nghệ: Vô địch kỳ thi ACM/ICPC năm 2011,https://uet.vnu.edu.vn/truong-dai-hoc-cong-nghe-vo-dich-ky-thi-acmicpc-nam-2011/,Trường Đại học Công nghệ giành chức vô địch kỳ thi ACM/ICPC năm 2011 tại Cần Thơ?,Có
153,"Học sinh trường THPT A Hải Hậu tham quan, tìm hiểu tại trường Đại học Công nghệ",https://uet.vnu.edu.vn/hoc-sinh-truong-thpt-hai-hau-tham-quan-tim-hieu-tai-truong-dai-hoc-cong-nghe/,Bài viết đề cập đến việc gì?,"Bài viết đề cập đến việc học sinh trường THPT A Hải Hậu tham quan, tìm hiểu tại trường Đại học Công nghệ."
154,"Học sinh trường THPT A Hải Hậu tham quan, tìm hiểu tại trường Đại học Công nghệ",https://uet.vnu.edu.vn/hoc-sinh-truong-thpt-hai-hau-tham-quan-tim-hieu-tai-truong-dai-hoc-cong-nghe/,Bài viết nói về việc gì?,"Bài viết nói về việc học sinh trường THPT A Hải Hậu tham quan, tìm hiểu tại trường Đại học Công nghệ."
155,Trường Đại học Công nghệ tham gia tư vấn trực tuyến với chủ đề “Kỳ thi HAS và tuyển sinh khối ngành Công nghệ kỹ thuật và Khoa học Xã hội & Nhân văn”,https://uet.vnu.edu.vn/truong-dai-hoc-cong-nghe-tham-gia-tu-van-truc-tuyen-voi-chu-de-ky-thi-va-tuyen-sinh-khoi-nganh-cong-nghe-ky-thuat-va-khoa-hoc-xa-hoi-nhan-van/,"Trong kỳ tuyển sinh khối ngành Công nghệ kỹ thuật và Khoa học Xã hội & Nhân văn của Trường Đại học Công nghệ năm 2023, bao nhiêu ứng viên đã được triệu tập tham dự vòng 1?",100
156,Trường Đại học Công nghệ tham gia tư vấn trực tuyến với chủ đề “Kỳ thi HAS và tuyển sinh khối ngành Công nghệ kỹ thuật và Khoa học Xã hội & Nhân văn”,https://uet.vnu.edu.vn/truong-dai-hoc-cong-nghe-tham-gia-tu-van-truc-tuyen-voi-chu-de-ky-thi-va-tuyen-sinh-khoi-nganh-cong-nghe-ky-thuat-va-khoa-hoc-xa-hoi-nhan-van/,"Trong kỳ tuyển sinh khối ngành Công nghệ kỹ thuật và Khoa học Xã hội & Nhân văn của Trường Đại học Công nghệ năm 2023, bao nhiêu ứng viên đã được triệu tập tham dự vòng 1?",100
157,"Nộp minh chứng miễn học, miễn thi và chuyển đổi điểm các học phần ngoại ngữ cho sinh viên khóa K70 (QH-2025-I/CQ)",https://uet.vnu.edu.vn/nop-minh-chung-mien-hoc-mien-thi-va-chuyen-doi-diem-cac-hoc-phan-ngoai-ngu-cho-sinh-vien-khoa-k70-qh-2025-icq/,"Trong mùa cuối, ngày hết hạn là ngày nào?",23/09/2025
158,"Nộp minh chứng miễn học, miễn thi và chuyển đổi điểm các học phần ngoại ngữ cho sinh viên khóa K70 (QH-2025-I/CQ)",https://uet.vnu.edu.vn/nop-minh-chung-mien-hoc-mien-thi-va-chuyen-doi-diem-cac-hoc-phan-ngoai-ngu-cho-sinh-vien-khoa-k70-qh-2025-icq/,Địa chỉ đăng ký thông tin chứng chỉ ngoại ngữ là nơi nào?,https://forms.gle/ec5b3wiw1cMSLuCZ8
159,Kết quả xét tốt nghiệp đợt tháng 6/2025 của sinh viên bậc đại học,https://uet.vnu.edu.vn/ket-qua-xet-tot-nghiep-dot-thang-62025-cua-sinh-vien-bac-dai-hoc/,"Trong văn bản này, tiêu đề đề cập đến việc gì?",Kết quả xét tốt nghiệp đợt tháng 6/2025 của sinh viên bậc đại học
160,Kết quả xét tốt nghiệp đợt tháng 6/2025 của sinh viên bậc đại học,https://uet.vnu.edu.vn/ket-qua-xet-tot-nghiep-dot-thang-62025-cua-sinh-vien-bac-dai-hoc/,Nội dung chính của văn bản này nói đến những gì?,Văn bản này thông báo kết quả xét tốt nghiệp đợt tháng 6/2025 cho sinh viên bậc đại học và hướng dẫn các sinh viên cần thực hiện những gì.
161,Lễ bế giảng và trao bằng tốt nghiệp đợt 1 năm 2022,https://uet.vnu.edu.vn/le-giang-va-trao-bang-tot-nghiep-dot-1-nam-2022/,"Ai là người đã gửi lời chúc mừng đến các tân tiến sĩ, tân thạc sĩ và tân cử nhân?",GS.TSKH Nguyễn Đình Đức
162,Lễ bế giảng và trao bằng tốt nghiệp đợt 1 năm 2022,https://uet.vnu.edu.vn/le-giang-va-trao-bang-tot-nghiep-dot-1-nam-2022/,"Ai là người đã gửi lời chúc mừng đến các tân tiến sĩ, tân thạc sĩ và tân cử nhân?",GS.TSKH Nguyễn Đình Đức
163,Sinh viên Trường ĐHCN đạt giải cao tại kỳ thi Olympic Toán học sinh viên toàn quốc năm 2022,https://uet.vnu.edu.vn/sinh-vien-truong-dhcn-dat-giai-cao-tai-ky-thi-olympic-toan-hoc-sinh-vien-toan-quoc-nam-2022/,Sinh viên Trường ĐHCN tham dự kỳ thi Olympic Toán học sinh viên toàn quốc năm 2022?,Có
164,Sinh viên Trường ĐHCN đạt giải cao tại kỳ thi Olympic Toán học sinh viên toàn quốc năm 2022,https://uet.vnu.edu.vn/sinh-vien-truong-dhcn-dat-giai-cao-tai-ky-thi-olympic-toan-hoc-sinh-vien-toan-quoc-nam-2022/,Các đội tuyển tham dự kỳ thi Olympic Toán học sinh viên toàn quốc năm 2022?,Có
165,Chuẩn bị cho công tác xét tốt nghiệp của sinh viên đợt tháng 6 năm 2025,https://uet.vnu.edu.vn/chuan-bi-cho-cong-tac-xet-tot-nghiep-cua-sinh-vien-dot-thang-6-nam-2025/,Chuẩn bị cho công tác xét tốt nghiệp của sinh viên đợt tháng 6 năm 2025?,"Để chuẩn bị cho công tác xét tốt nghiệp đợt tháng 6 năm 2025, Phòng Đào tạo (ĐT) yêu cầu các sinh viên..."
166,Chuẩn bị cho công tác xét tốt nghiệp của sinh viên đợt tháng 6 năm 2025,https://uet.vnu.edu.vn/chuan-bi-cho-cong-tac-xet-tot-nghiep-cua-sinh-vien-dot-thang-6-nam-2025/,Các sinh viên cần làm gì để chuẩn bị cho công tác xét tốt nghiệp đợt tháng 6 năm 2025?,"Để chuẩn bị cho công tác xét tốt nghiệp đợt tháng 6 năm 2025, Phòng Đào tạo (ĐT) yêu cầu các sinh viên kiểm tra kết quả học tập cá nhân, đối chiếu với Khung chương trình đào tạo đang học tại địa chỉ http://daotao.vnu.edu.vn; kiểm tra các chứng chỉ chuẩn đầu ra (Giáo dục thể chất, Giáo dục Quốc phòng An ninh, Ngoại ngữ) được Phòng ĐT cập"
167,Nơi truyền lửa nghiên cứu khoa học,https://uet.vnu.edu.vn/noi-truyen-lua-nghien-cuu-khoa-hoc/,"Trong bài viết, sinh viên Nguyễn Xuân Đức được liệt kê dưới tiêu đề ""Nơi truyền lửa nghiên cứu khoa học"" và được mô tả như thế nào?","Được liệt kê dưới tiêu đề ""Nơi truyền lửa nghiên cứu khoa học"""
168,Nơi truyền lửa nghiên cứu khoa học,https://uet.vnu.edu.vn/noi-truyen-lua-nghien-cuu-khoa-hoc/,"Theo bài viết, tại sao sinh viên Nguyễn Xuân Đức quyết định chọn khoa Công nghệ thông tin để học đại học?","Do anh ấy cảm thấy khoa CNTT của trường ĐHCN có nhiều ưu điểm như giảng viên trẻ, nhiệt tình, vui vẻ; hệ thống tài liệu, phòng thực hành chất lượng; giáo trình học cập nhật và cung cấp cho em những kiến thức rất quan trọng cho quá trình làm việc sau này. Thêm nữa, anh ấy nhận xét rằng các anh chị sinh viên khóa trước đều giỏi giang và năng động, vì thế anh ấy đã quyết định lựa chọn khoa C"
169,Trả khen thưởng tập thể/cá nhân,https://uet.vnu.edu.vn/tra-khen-thuong-tap-the-ca-nhan/,"Trong văn bản, mục tiêu chính là gì?",Để giải quyết các thắc mắc của sinh viên liên quan đến khen thưởng thành tích trong năm học 2024-2025.
170,Trả khen thưởng tập thể/cá nhân,https://uet.vnu.edu.vn/tra-khen-thuong-tap-the-ca-nhan/,"Theo thông báo, khi nào sinh viên có thể gửi đơn để phản ánh về khen thưởng?","Trước thứ Sáu, ngày 28/11/2025."
171,THÔNG BÁO TUYỂN SINH SAU ĐẠI HỌC ĐỢT 2 NĂM 2022,https://uet.vnu.edu.vn/tuyen-sinh-sau-dai-hoc-dot-2-nam-2022/,"Trong kỳ tuyển sinh Thạc sĩ đợt 2 năm 2022 của Trường Đại học Công nghệ, bao nhiêu thí sinh đã được triệu tập tham dự vòng 1?",100
172,THÔNG BÁO TUYỂN SINH SAU ĐẠI HỌC ĐỢT 2 NĂM 2022,https://uet.vnu.edu.vn/tuyen-sinh-sau-dai-hoc-dot-2-nam-2022/,"Trong kỳ tuyển sinh Thạc sĩ đợt 2 năm 2022 của Trường Đại học Công nghệ, bao nhiêu thí sinh đã được triệu tập tham dự vòng 2?",100
173,Luận án Tiến sĩ sau bảo vệ của nghiên cứu sinh Trần Đình Tân,https://uet.vnu.edu.vn/bo-luan-an-tien-si-hoan-chinh-cua-nghien-cuu-sinh-tran-dinh-tan/,Nghiên cứu sinh của ông bà cụ nào?,Trần Đình Tân
174,Luận án Tiến sĩ sau bảo vệ của nghiên cứu sinh Trần Đình Tân,https://uet.vnu.edu.vn/bo-luan-an-tien-si-hoan-chinh-cua-nghien-cuu-sinh-tran-dinh-tan/,Ông bà cụ nào đã hướng dẫn Trần Đình Tân?,PGS.TS. Hoàng Xuân Huấn và PGS. TS. Phạm Văn Cảnh
175,Đề nghị xác nhận thông tin sinh viên khóa QH-2021-I/CQ,https://uet.vnu.edu.vn/de-nghi-xac-nhan-thong-tin-sinh-vien-khoa-qh-2021-icq/,"Trong kỳ tuyển dụng viên chức hành chính năm 2023 của Trường Đại học Công nghệ, có bao nhiêu ứng viên được triệu tập tham dự thi Vòng 1?",100
176,Đề nghị xác nhận thông tin sinh viên khóa QH-2021-I/CQ,https://uet.vnu.edu.vn/de-nghi-xac-nhan-thong-tin-sinh-vien-khoa-qh-2021-icq/,Thời hạn để sinh viên gửi phản hồi điều chỉnh thông tin là trước khi nào?,Trước thứ Sáu ngày 06/06/2025
177,"Kế hoạch kết thúc khóa học của các lớp QH-2021 (K66) chương trình kỹ sư, các khóa cũ và TN trước hạn  đợt xét tháng 01/2026",https://uet.vnu.edu.vn/ke-hoach-ket-thuc-khoa-hoc-cua-cac-lop-qh-2021-k66-chuong-trinh-ky-su-cac-khoa-cu-va-tn-truoc-han-dot-xet-thang-01-2026/,"Trong kỳ tuyển dụng viên chức hành chính năm 2023 của Trường Đại học Công nghệ, có bao nhiêu ứng viên được triệu tập tham dự thi Vòng 1?",100
178,"Kế hoạch kết thúc khóa học của các lớp QH-2021 (K66) chương trình kỹ sư, các khóa cũ và TN trước hạn  đợt xét tháng 01/2026",https://uet.vnu.edu.vn/ke-hoach-ket-thuc-khoa-hoc-cua-cac-lop-qh-2021-k66-chuong-trinh-ky-su-cac-khoa-cu-va-tn-truoc-han-dot-xet-thang-01-2026/,"Trong kỳ tuyển dụng viên chức hành chính năm 2023 của Trường Đại học Công nghệ, có bao nhiêu ứng viên được triệu tập tham dự thi Vòng 1?",100
179,Giải đáp thắc mắc của sinh viên liên quan đến Hội nghị đối thoại các  cấp  Học kỳ II năm học 2024-2025,https://uet.vnu.edu.vn/giai-dap-thac-mac-cua-sinh-vien-lien-quan-den-hoi-nghi-doi-thoai-cac-cap-hoc-ky-ii-nam-hoc-2024-2025/,"Trong kỳ tuyển dụng viên chức hành chính năm 2023 của Trường Đại học Công nghệ, có bao nhiêu ứng viên được triệu tập tham dự thi Vòng 1?",100
180,Giải đáp thắc mắc của sinh viên liên quan đến Hội nghị đối thoại các  cấp  Học kỳ II năm học 2024-2025,https://uet.vnu.edu.vn/giai-dap-thac-mac-cua-sinh-vien-lien-quan-den-hoi-nghi-doi-thoai-cac-cap-hoc-ky-ii-nam-hoc-2024-2025/,"Trong kỳ tuyển dụng viên chức hành chính năm 2023 của Trường Đại học Công nghệ, có bao nhiêu ứng viên được triệu tập tham dự thi Vòng 1?",100
181,Trường Đại học Công nghệ tuyển dụng nhân viên bảo vệ,https://uet.vnu.edu.vn/truong-dai-hoc-cong-nghe-tuyen-dung-nhan-vien-bao-ve/,"Trong kỳ tuyển dụng viên chức hành chính năm 2023 của Trường Đại học Công nghệ, có bao nhiêu nhân viên bảo vệ được triệu tập?",02
182,Trường Đại học Công nghệ tuyển dụng nhân viên bảo vệ,https://uet.vnu.edu.vn/truong-dai-hoc-cong-nghe-tuyen-dung-nhan-vien-bao-ve/,Trường Đại học Công nghệ tuyển dụng nhân viên bảo vệ vào thời điểm nào?,Từ ngày 14/02/2022 đến ngày 28/02/2022
183,Tuyển sinh sau đại học năm 2022: Tăng cường áp dụng nhiều giải pháp đột phá để nâng cao chất lượng và quy mô tuyển sinh sau đại học,https://uet.vnu.edu.vn/tuyen-sinh-sau-dai-hoc-nam-2022-tang-cuong-ap-dung-nhieu-giai-phap-dot-pha-de-nang-cao-chat-luong-va-quy-mo-tuyen-sinh-sau-dai-hoc/,"Năm 2021, ĐHQGHN có bao nhiêu đơn vị đào tạo sau đại học?",18
184,Tuyển sinh sau đại học năm 2022: Tăng cường áp dụng nhiều giải pháp đột phá để nâng cao chất lượng và quy mô tuyển sinh sau đại học,https://uet.vnu.edu.vn/tuyen-sinh-sau-dai-hoc-nam-2022-tang-cuong-ap-dung-nhieu-giai-phap-dot-pha-de-nang-cao-chat-luong-va-quy-mo-tuyen-sinh-sau-dai-hoc/,"Trong năm 2021, ĐHQGHN tổ chức tuyển sinh theo hình thức trực tuyến?",Đúng
185,Tham gia chương trình “Qualcomm Vietnam Innovation Challege (QVIC) do InnoEx đồng triển khai”,https://uet.vnu.edu.vn/tham-gia-chuong-trinh-qualcomm-vietnam-innovation-challege-qvic-do-innoex-dong-trien-khai/,"Nguồn thông tin về chương trình ""Qualcomm Vietnam Innovation Challenge"" (QVIC)?","Chương trình ""Qualcomm Vietnam Innovation Challenge"" (QVIC) được InnoEx đồng triển khai."
186,Tham gia chương trình “Qualcomm Vietnam Innovation Challege (QVIC) do InnoEx đồng triển khai”,https://uet.vnu.edu.vn/tham-gia-chuong-trinh-qualcomm-vietnam-innovation-challege-qvic-do-innoex-dong-trien-khai/,Số lượng dự án công nghệ cao đã được thu hút bởi chương trình QVIC trong 5 năm?,Chương trình QVIC đã thu hút hơn 800 dự án công nghệ cao trong 5 năm qua.
187,Quy định thu học phí với người học xin tạm ngừng học tập trong học kì và người học hoàn thành chương trình đào tạo trước hạn,https://uet.vnu.edu.vn/quy-dinh-thu-hoc-phi-voi-nguoi-hoc-xin-tam-ngung-hoc-tap-trong-hoc-ki-va-nguoi-hoc-hoan-thanh-chuong-trinh-dao-tao-truoc-han/,"Trong quyết định số 531/QĐ-ĐHCN, ngày 24 tháng 02 năm 2025, hiệu trưởng Trường Đại học Công nghệ, quy định cụ thể về việc nộp học phí cho sinh viên và học viên cao học khi ngừng nghỉ trong học kì?","Theo quyết định này, sinh viên và học viên cao học phải nộp học phí theo từng tháng khi ngừng nghỉ trong học kì, dựa trên số tháng họ đã học, số tín chỉ đăng ký và mức học phí của học kì tương ứng."
188,Quy định thu học phí với người học xin tạm ngừng học tập trong học kì và người học hoàn thành chương trình đào tạo trước hạn,https://uet.vnu.edu.vn/quy-dinh-thu-hoc-phi-voi-nguoi-hoc-xin-tam-ngung-hoc-tap-trong-hoc-ki-va-nguoi-hoc-hoan-thanh-chuong-trinh-dao-tao-truoc-han/,"Điều 1 của quyết định số 531/QĐ-ĐHCN, ngày 24 tháng 02 năm 2025, nêu rõ quy định cụ thể về việc nộp học phí cho sinh viên và học viên cao học khi ngừng nghỉ trong học kì?","Theo quyết định này, sinh viên và học"
189,Sinh hoạt lớp khóa học để triển khai các hoạt động đầu năm học,https://uet.vnu.edu.vn/sinh-hoat-lop-khoa-hoc-de-trien-khai-cac-hoat-dong-dau-nam-hoc-4/,"Trong kỳ tuyển dụng viên chức hành chính năm 2023 của Trường Đại học Công nghệ, có bao nhiêu ứng viên được triệu tập tham dự thi Vòng 1?",100
190,Chúc mừng 258 thí sinh đã trúng tuyển thẳng vào Trường Đại học Công nghệ,https://uet.vnu.edu.vn/chuc-mung-258-thi-sinh-da-trung-tuyen-thang-vao-truong-dai-hoc-cong-nghe/,"Trong kỳ tuyển dụng viên chức hành chính năm 2023 của Trường Đại học Công nghệ, có bao nhiêu ứng viên được triệu tập tham dự thi Vòng 1?",258
191,Chúc mừng 258 thí sinh đã trúng tuyển thẳng vào Trường Đại học Công nghệ,https://uet.vnu.edu.vn/chuc-mung-258-thi-sinh-da-trung-tuyen-thang-vao-truong-dai-hoc-cong-nghe/,"Trong kỳ tuyển dụng viên chức hành chính năm 2023 của Trường Đại học Công nghệ, có bao nhiêu ứng viên được triệu tập tham dự thi Vòng 1?",258
192,Trường Đại học Công nghệ thành lập Khoa Công nghệ Nông nghiệp,https://uet.vnu.edu.vn/truong-dai-hoc-cong-nghe-thanh-lap-khoa-cong-nghe-nong-nghiep/,"Trong quyết định thành lập Khoa Công nghệ Nông nghiệp của Trường Đại học Công nghệ, ngày 18/12/2018, ai đã ký quyết định?",Nguyễn Việt Hà
193,Trường Đại học Công nghệ thành lập Khoa Công nghệ Nông nghiệp,https://uet.vnu.edu.vn/truong-dai-hoc-cong-nghe-thanh-lap-khoa-cong-nghe-nong-nghiep/,Khoa Công nghệ Nông nghiệp của Trường Đại học Công nghệ được thành lập vào ngày nào?,18/12/2018
194,Triệu tập sinh viên tham gia các hoạt động trong Chương trình Vòng Chung khảo Cuộc thi SV an ninh mạng 2025,https://uet.vnu.edu.vn/trieu-tap-sinh-vien-tham-gia-cac-hoat-dong-trong-chuong-trinh-vong-chung-khao-cuoc-thi-sv-an-ninh-mang-2025/,"Trong chương trình Vòng Chung Khóa Cuộc thi Sinh viên An Ninh Mạng 2025, tại sao nhà trường triệu tập sinh viên?",Vì thực hiện theo công văn số 7290/BGDĐT-HSSV ngày 11/11/2025 của Bộ Giáo dục & Đào tạo.
195,Triệu tập sinh viên tham gia các hoạt động trong Chương trình Vòng Chung khảo Cuộc thi SV an ninh mạng 2025,https://uet.vnu.edu.vn/trieu-tap-sinh-vien-tham-gia-cac-hoat-dong-trong-chuong-trinh-vong-chung-khao-cuoc-thi-sv-an-ninh-mang-2025/,Tại sao nhà trường triệu tập sinh viên tham dự các hoạt động trong Chương trình Vòng Chung Khóa Cuộc thi Sinh viên An Ninh Mạng 2025?,Để tổ chức và triển khai thành công các hoạt động trong chương trình.
196,Nhận bằng tốt nghiệp đợt tháng 3 năm 2025,https://uet.vnu.edu.vn/nhan-bang-tot-nghiep-dot-thang-3-nam-2025/,Tiêu đề của bài viết là gì?,Bài viết này nói về việc nhận bằng tốt nghiệp đợt tháng 3 năm 2025.
197,Nhận bằng tốt nghiệp đợt tháng 3 năm 2025,https://uet.vnu.edu.vn/nhan-bang-tot-nghiep-dot-thang-3-nam-2025/,Ngày và giờ cụ thể cho việc nhận bằng tốt nghiệp?,"Ngày nhận bằng là thứ hai ngày 28/04/2025, và giờ hành chính là từ Thứ hai đến Thứ sáu hàng tuần."
198,Trường ĐHCN tuyển kế toán viên và chuyên viên hợp đồng,https://uet.vnu.edu.vn/truong-dhcn-tuyen-ke-toan-vien-va-chuyen-vien-hop-dong/,Trường ĐHCN tuyển kế toán viên và chuyên viên hợp đồng?,Có 01 Kế toán viên và 04 Chuyên viên.
199,Trường ĐHCN tuyển kế toán viên và chuyên viên hợp đồng,https://uet.vnu.edu.vn/truong-dhcn-tuyen-ke-toan-vien-va-chuyen-vien-hop-dong/,Trường ĐHCN tuyển kế toán viên và chuyên viên hợp đồng?,Có 01 Kế toán viên và 04 Chuyên viên.
200,Nhóm sinh viên Viện Trí tuệ nhân tạo UET vô địch Factory Hacks 2025 với giải pháp AI “DiffusionAD” ứng dụng cao trong sản xuất công nghiệp,https://uet.vnu.edu.vn/nhom-sinh-vien-vien-tri-tue-nhan-tao-uet-vo-dich-factory-hacks-2025-voi-giai-phap-ai-diffusionad-ung-dung-cao-trong-san-xuat-cong-nghiep/,Nhóm sinh viên Viện Trí tuệ nhân tạo UET đạt giải Vô địch tại cuộc thi Factory Hacks 2025?,Có
201,Nhóm sinh viên Viện Trí tuệ nhân tạo UET vô địch Factory Hacks 2025 với giải pháp AI “DiffusionAD” ứng dụng cao trong sản xuất công nghiệp,https://uet.vnu.edu.vn/nhom-sinh-vien-vien-tri-tue-nhan-tao-uet-vo-dich-factory-hacks-2025-voi-giai-phap-ai-diffusionad-ung-dung-cao-trong-san-xuat-cong-nghiep/,"Giải pháp AI ""DiffusionAD"" của nhóm sinh viên UET được sử dụng như thế nào trong sản xuất công nghiệp?",Phát hiện lỗi sản phẩm tự động theo thời gian thực.
202,"Cấp kinh phí hỗ trợ chi phí học tập, học kỳ II năm học 2025-2026 cho sinh viên đại học hệ chính quy Trường Đại học Công nghệ",https://uet.vnu.edu.vn/cap-kinh-phi-ho-tro-chi-phi-hoc-tap-hoc-ky-ii-nam-hoc-2025-2026-cho-sinh-vien-dai-hoc-he-chinh-quy-truong-dai-hoc-cong-nghe/,Nguồn cung cấp thông tin chính xác nhất cho việc cấp kinh phí hỗ trợ chi phí học tập cho sinh viên đại học hệ chính quy Trường Đại học Công nghệ là?,Nghị quyết số 985/NQ-HĐT ngày 08 tháng 11 năm 2022 của Hội đồng trường Trường Đại học Công nghệ.
203,"Cấp kinh phí hỗ trợ chi phí học tập, học kỳ II năm học 2025-2026 cho sinh viên đại học hệ chính quy Trường Đại học Công nghệ",https://uet.vnu.edu.vn/cap-kinh-phi-ho-tro-chi-phi-hoc-tap-hoc-ky-ii-nam-hoc-2025-2026-cho-sinh-vien-dai-hoc-he-chinh-quy-truong-dai-hoc-cong-nghe/,"Theo Quyết định số 66/2013/QĐ-TTg của Thủ tướng Chính phủ, điều gì được quy định về chính sách hỗ trợ chi phí học tập đối với sinh viên là người dân tộc thiểu số học tại các cơ sở giáo dục Đại học?",Quy định về tổ chức và hoạt động của các đơn vị thành viên và đơn vị trực thuộc ĐHQGHN.
204,"(Video) VTV – Nút bấm 2020: Đào tạo nhân lực trong lĩnh vực nghiên cứu, chế tạo Robot ở Việt Nam hiện nay",https://uet.vnu.edu.vn/video-vtv-nut-bam-2020-dao-tao-nhan-luc-trong-linh-vuc-nghien-cuu-che-tao-robot-o-viet-nam-hien-nay/,"Trong video ""Nút bấm 2020: Đào tạo nhân lực trong lĩnh vực nghiên cứu, chế tạo Robot ở Việt Nam hiện nay"", ai thực hiện phóng sự?",Nhóm phóng viên VTV2
205,"(Video) VTV – Nút bấm 2020: Đào tạo nhân lực trong lĩnh vực nghiên cứu, chế tạo Robot ở Việt Nam hiện nay",https://uet.vnu.edu.vn/video-vtv-nut-bam-2020-dao-tao-nhan-luc-trong-linh-vuc-nghien-cuu-che-tao-robot-o-viet-nam-hien-nay/,"Trường ĐHCN là một trong số trường đại học với các sinh viên điện tử viễn thông, cơ học kỹ thuật và tự động hóa được gắn liền lý thuyết với thực hành hiệu quả. Tại sao lại gọi là trường ĐHCN?","Do sinh viên này thuộc ngành Điện tử Viễn Thông, Cơ Học Kỹ Thuật và tự động hóa."
206,Lễ bảo vệ luận án tiến sĩ chuyên ngành Cơ kỹ thuật của nghiên cứu sinh Trần Quốc Quân,https://uet.vnu.edu.vn/le-bao-ve-luan-tien-si-chuyen-nganh-co-ky-thuat-cua-nghien-cuu-sinh-tran-quoc-quan/,Ai là người chủ trì buổi lễ?,PGS.TS. Chử Đức Trình
207,Lễ bảo vệ luận án tiến sĩ chuyên ngành Cơ kỹ thuật của nghiên cứu sinh Trần Quốc Quân,https://uet.vnu.edu.vn/le-bao-ve-luan-tien-si-chuyen-nganh-co-ky-thuat-cua-nghien-cuu-sinh-tran-quoc-quan/,Ai là người hướng dẫn đề tài?,GS.TSKH. Nguyễn Đình Đức
208,Sinh hoạt lớp khóa học Khóa QH-2025,https://uet.vnu.edu.vn/sinh-hoat-lop-khoa-hoc-khoa-qh-2025/,Sinh hoạt lớp khóa học diễn ra khi nào?,"Chủ Nhật, ngày 19/10/2025"
209,Sinh hoạt lớp khóa học Khóa QH-2025,https://uet.vnu.edu.vn/sinh-hoat-lop-khoa-hoc-khoa-qh-2025/,Nội dung sinh hoạt lớp khóa học bao gồm những gì?,"Giáo viên chủ nhiệm làm việc với lớp, phổ biến các nội dung liên quan; Cán bộ Đoàn – Hội, Liên chi đoàn làm việc với lớp về công tác Đoàn – Hội."
210,Gia hạn Bảo hiểm y tế cho sinh viên K70,https://uet.vnu.edu.vn/gia-han-bao-hiem-y-te/,Gia hạn Bảo hiểm Y tế cho sinh viên K70?,Có 3808 sinh viên đã được gia hạn thẻ BHYT thành công tại BHXH Quận Cầu Giấy.
211,Gia hạn Bảo hiểm y tế cho sinh viên K70,https://uet.vnu.edu.vn/gia-han-bao-hiem-y-te/,Trong trường hợp nào thì sinh viên không được gia hạn thẻ BHYT?,Sinh viên tham gia BHYT tại trường nhưng chưa được gia hạn thẻ đến ngày 31/12/2026.
212,Trường Đại học Công nghệ tuyển dụng giảng viên có trình độ Tiến sĩ,https://uet.vnu.edu.vn/tuyen-giang-vien-tien-si/,"Trong kỳ tuyển dụng viên chức hành chính năm 2023 của Trường Đại học Công nghệ, có bao nhiêu ứng viên được triệu tập tham dự thi Vòng 1?",38
213,Trường Đại học Công nghệ tuyển dụng giảng viên có trình độ Tiến sĩ,https://uet.vnu.edu.vn/tuyen-giang-vien-tien-si/,"Trường Đại học Công nghệ tuyển dụng giảng viên có trình độ Tiến sĩ công tác tại các Khoa, Viện, Bộ môn trực thuộc Trường ĐHCN?",Có
214,Hội nghị đối thoại giữa Lãnh đạo Nhà trường với phụ huynh và sinh viên năm học 2025-2026: Xây dựng môi trường học tập hiện đại từ kết nối đa chiều,https://uet.vnu.edu.vn/hoi-nghi-doi-thoai-giua-lanh-dao-nha-truong-voi-phu-huynh-va-sinh-vien-nam-hoc-2025-2026-xay-dung-moi-truong-hoc-tap-hien-dai-tu-ket-noi-da-chieu/,"Trong kỳ tuyển dụng viên chức hành chính năm 2023 của Trường Đại học Công nghệ, có bao nhiêu ứng viên được triệu tập tham dự thi Vòng 1?",100
215,Hội nghị đối thoại giữa Lãnh đạo Nhà trường với phụ huynh và sinh viên năm học 2025-2026: Xây dựng môi trường học tập hiện đại từ kết nối đa chiều,https://uet.vnu.edu.vn/hoi-nghi-doi-thoai-giua-lanh-dao-nha-truong-voi-phu-huynh-va-sinh-vien-nam-hoc-2025-2026-xay-dung-moi-truong-hoc-tap-hien-dai-tu-ket-noi-da-chieu/,Năm học 2025-2026 là giai đoạn nào trong tiến trình phát triển của Trường Đại học Công nghệ?,"Giai đoạn Trường ĐH Công nghệ chuẩn bị cho định hướng phát triển toàn diện tại cơ sở Hòa Lạc, đồng thời đẩy mạnh đổi mới trong đào tạo, nghiên cứu khoa học, chuyển đổi số và hợp tác quốc tế."
216,Danh sách lớp khóa học năm học 2025-2026,https://uet.vnu.edu.vn/danh-sach-lop-khoa-hoc-nam-hoc-2025-2026/,Tiêu đề của bài viết là gì?,Danh sách lớp khóa học năm học 2025-2026
217,Danh sách lớp khóa học năm học 2025-2026,https://uet.vnu.edu.vn/danh-sach-lop-khoa-hoc-nam-hoc-2025-2026/,Nội dung chính của bài viết là gì?,Danh sách lớp học trong năm học 2025-2026
218,Tập đoàn Crystal tổ chức chương trình Crystal Associate Programme 2023,https://uet.vnu.edu.vn/tap-doan-crystal-chuc-chuong-trinh-crystal-associate-programme-2023/,Tên tập đoàn tổ chức chương trình?,Crystal International Group Limited
219,Tập đoàn Crystal tổ chức chương trình Crystal Associate Programme 2023,https://uet.vnu.edu.vn/tap-doan-crystal-chuc-chuong-trinh-crystal-associate-programme-2023/,Ngày diễn ra chương trình?,2023
220,Kết quả xét tốt nghiệp đợt tháng 9/2025 của sinh viên bậc đại học,https://uet.vnu.edu.vn/ket-qua-xet-tot-nghiep-dot-thang-92025-cua-sinh-vien-bac-dai-hoc/,Tiêu đề của bài viết?,Kết quả xét tốt nghiệp đợt tháng 9/2025 của sinh viên bậc đại học
221,Kết quả xét tốt nghiệp đợt tháng 9/2025 của sinh viên bậc đại học,https://uet.vnu.edu.vn/ket-qua-xet-tot-nghiep-dot-thang-92025-cua-sinh-vien-bac-dai-hoc/,Nội dung chính của văn bản?,"Văn bản này thông báo kết quả xét tốt nghiệp đợt tháng 9/2025 cho sinh viên bậc đại học. Nó liệt kê danh sách sinh viên đủ điều kiện tốt nghiệp, những sinh viên chưa đủ điều kiện và những sinh viên đã tích lũy đủ điều kiện nhưng muốn xét tốt nghiệp chương trình đào tạo chuẩn."
222,"UET thúc đẩy môi trường học tập quốc tế với giảng viên đến từ Trường ĐH Paris-Saclay, Pháp",https://uet.vnu.edu.vn/uet-thuc-day-moi-truong-hoc-tap-quoc-te-voi-giang-vien-den-tu-truong-dh-paris-saclay-phap/,"Trong khuôn khổ hợp tác đào tạo thạc sĩ chương trình liên kết quốc tế chuyên ngành Kỹ thuật Truyền thông và Dữ liệu do Trường Đại học Paris-Saclay cấp bằng, GS. TSKH Pierre Duhamel – Giảng viên Trường Đại học Paris-Saclay đã triển khai các hoạt động giảng dạy và nghiên cứu tại Trường Đại học Công nghệ – ĐHQGHN (UET) vào tháng 11/2022.",GS. TSKH Pierre Duhamel đã triển khai các hoạt động giảng dạy và nghiên cứu tại Trường Đại học Công nghệ – ĐHQGHN (UET) vào tháng 11/2022.
223,Xứng đáng với niềm tin,https://uet.vnu.edu.vn/xung-dang-voi-niem-tin/,"Năm 2011, Bộ GD&ĐT giao nhiệm vụ cho Trường ĐHCN, ĐHQGHN tập huấn đội tuyển quốc gia tham gia cuộc thi Olympic Tin học quốc tế (IOI) và Olympic Tin học châu Á-Thái Bình Dương (APIO)?",Có
224,Xứng đáng với niềm tin,https://uet.vnu.edu.vn/xung-dang-voi-niem-tin/,"PGS.TS. Phạm Bảo Sơn, Chủ nhiệm Khoa CNTT, đã có những chia sẻ về hoạt động huấn luyện và tổ chức thi của Nhà trường?",Có
225,Hỗ trợ cho sinh viên có hoàn cảnh khó khăn sau bão lũ năm 2025,https://uet.vnu.edu.vn/ho-tro-cho-sinh-vien-co-hoan-canh-kho-khan-sau-bao-lu-nam-2025/,Bao nhiêu sinh viên được hỗ trợ?,180 sinh viên
226,Hỗ trợ cho sinh viên có hoàn cảnh khó khăn sau bão lũ năm 2025,https://uet.vnu.edu.vn/ho-tro-cho-sinh-vien-co-hoan-canh-kho-khan-sau-bao-lu-nam-2025/,Tổng số tiền hỗ trợ là bao nhiêu?,"420,000,000đ (bốn trăm hai mươi triệu đồng)"
227,Hội thảo giới thiệu chương trình tuyển dụng của Công ty TNHH Phát triển phần mềm Toshiba,https://uet.vnu.edu.vn/hoi-thao-gioi-thieu-chuong-trinh-tuyen-dung-cua-cong-ty-tnhh-phat-trien-phan-mem-toshiba/,Ai sẽ tham dự hội thảo?,"PGS. TS. Nguyễn Việt Hà, TS. Nguyễn Ngọc An, TS. Nguyễn Ngọc Linh, ông Keitaro Shigenaka, ông Nguyễn Anh Tuấn, ông Đỗ Việt Trung"
228,Hội thảo giới thiệu chương trình tuyển dụng của Công ty TNHH Phát triển phần mềm Toshiba,https://uet.vnu.edu.vn/hoi-thao-gioi-thieu-chuong-trinh-tuyen-dung-cua-cong-ty-tnhh-phat-trien-phan-mem-toshiba/,Ai sẽ tham dự hội thảo?,"Tham dự hội thảo về phía Trường Đại học Công nghệ có PGS. TS. Nguyễn Việt Hà - Hiệu trưởng Nhà trường, TS. Nguyễn Ngọc An - Phó trưởng phòng Công tác sinh viên, TS. Nguyễn Ngọc Linh - Bí thư Đoàn thanh niên. Về phía Công ty TNHH Phát triển Phần mềm Toshiba có ông Keitaro Shigenaka - Tổng Giám đốc, ông Nguyễn Anh Tuấn - Trưởng phòng Nhân sự, ông Đỗ Việt Trung - Trưởng phòng Kỹ thuật."
229,Khoa Điện tử viễn thông: 05 đội xuất sắc giành được giải thưởng từ cuộc thi IOT Challenge 2022,https://uet.vnu.edu.vn/khoa-dien-tu-vien-thong-05-doi-xuat-sac-gianh-duoc-giai-thuong-tu-cuoc-thi-iot-challenge-2022/,Số lượng sinh viên tham gia cuộc thi IoT Challenge 2022?,20 sinh viên
230,Khoa Điện tử viễn thông: 05 đội xuất sắc giành được giải thưởng từ cuộc thi IOT Challenge 2022,https://uet.vnu.edu.vn/khoa-dien-tu-vien-thong-05-doi-xuat-sac-gianh-duoc-giai-thuong-tu-cuoc-thi-iot-challenge-2022/,Số lượng đội thi trong cuộc thi IoT Challenge 2022?,12 đội thi
231,Chương trình tuyển dụng các chiến binh coder tập sự từ HANBIRO,https://uet.vnu.edu.vn/chuong-trinh-tuyen-dung-cac-chien-binh-coder-tap-su-tu-hanbiro/,"Các cơ hội ra nước ngoài học tập, trau dồi kinh nghiệm trong các dự án của công ty mở rộng chào đón các bạn trẻ?",Có
232,Chương trình tuyển dụng các chiến binh coder tập sự từ HANBIRO,https://uet.vnu.edu.vn/chuong-trinh-tuyen-dung-cac-chien-binh-coder-tap-su-tu-hanbiro/,Thông tin chương trình tuyển dụng các chiến binh coder tập sự quy mô lớn nhất từ Hanbiro?,"Không giới hạn số lượng, thời gian nhận hồ sơ từ 1/10/2022 đến 31/12/2022, đối tượng gồm sinh viên năm 3, năm 4 hoặc sinh viên sắp/ vừa tốt nghiệp các trường đại học, cao đẳng, nghề, tiếng anh đọc hiểu cơ bản, đam mê code, lập trình. Hình thức thực tập trực tiếp hoặc từ xa, quy trình tuyển dụng gồm nộp hồ sơ, phỏng vấn, đào tạo, tham gia dự án."
233,Gia hạn thời gian nộp học phí trong HKI năm học 2025-2026,https://uet.vnu.edu.vn/gia-han-thoi-gian-nop-hoc-phi-trong-hki-nam-hoc-2025-2026/,Gia hạn thời gian nộp học phí trong HKI năm học 2025-2026 là khi nào?,Thời hạn cuối cùng để nộp học phí là ngày 12/12/2025.
234,Gia hạn thời gian nộp học phí trong HKI năm học 2025-2026,https://uet.vnu.edu.vn/gia-han-thoi-gian-nop-hoc-phi-trong-hki-nam-hoc-2025-2026/,"Trong thông báo ngày 07/11/2025, nếu không nộp học phí trước thời hạn, sinh viên sẽ bị xử lý như thế nào?","Nếu không nộp học phí trước thời hạn, sinh viên sẽ bị xử lý theo thông báo ngày 07/11/2025."
235,"Trường Đại học Công nghệ tham gia tư vấn trực tiếp tuyển sinh, kỳ thi HSA khối ngành Công nghệ Kỹ thuật và Khoa học Xã hội & Nhân văn",https://uet.vnu.edu.vn/truong-dai-hoc-cong-nghe-tham-gia-tu-van-truc-tiep-tuyen-sinh-ky-thi-hsa-khoi-nganh-cong-nghe-ky-thuat-va-khoa-hoc-xa-hoi-nhan-van/,"Trong kỳ tuyển sinh năm 2023 của Trường Đại học Công nghệ, khối ngành Công nghệ Kỹ thuật và Khoa học Xã hội & Nhân văn có bao nhiêu thí sinh được triệu tập tham dự?",20.000
236,"Trường Đại học Công nghệ tham gia tư vấn trực tiếp tuyển sinh, kỳ thi HSA khối ngành Công nghệ Kỹ thuật và Khoa học Xã hội & Nhân văn",https://uet.vnu.edu.vn/truong-dai-hoc-cong-nghe-tham-gia-tu-van-truc-tiep-tuyen-sinh-ky-thi-hsa-khoi-nganh-cong-nghe-ky-thuat-va-khoa-hoc-xa-hoi-nhan-van/,"Có bao nhiêu câu hỏi được trả lời trực tuyến trong buổi tư vấn trực tuyến ""Kỳ thi Đánh giá năng lực (HSA)"" do Trung tâm Khảo thí Đại học Quốc gia Hà Nội tổ chức?",Hơn 200
237,Thông báo số 5 về triển khai cho sinh viên tham gia BHYT năm 2026,https://uet.vnu.edu.vn/thong-bao-so-5-ve-trien-khai-cho-sinh-vien-tham-gia-bhyt-nam-2026/,Thông báo số 5 về triển khai cho sinh viên tham gia BHYT năm 2026,Nhà trường đã thực hiện xong việc gia hạn BHYT năm 2026 cho sinh viên nộp tiền tham gia BHYT tại trường.
238,Thông báo số 5 về triển khai cho sinh viên tham gia BHYT năm 2026,https://uet.vnu.edu.vn/thong-bao-so-5-ve-trien-khai-cho-sinh-vien-tham-gia-bhyt-nam-2026/,Thông báo số 5 về triển khai cho sinh viên tham gia BHYT năm 2026,"Trong kỳ tuyển dụng viên chức hành chính năm 2023 của Trường Đại học Công nghệ, có bao nhiêu ứng viên được triệu tập tham dự thi Vòng 1?"
239,Việt Nam thiếu nhân lực có tay nghề về kỹ thuật Robot,https://uet.vnu.edu.vn/viet-nam-thieu-nhan-luc-co-tay-nghe-ve-ky-thuat-robot/,Nguồn nhân lực chất lượng cao theo xu hướng của cuộc cách mạng công nghiệp 4.0?,Việt Nam thiếu nhân lực có tay nghề về kỹ thuật Robot.
240,Việt Nam thiếu nhân lực có tay nghề về kỹ thuật Robot,https://uet.vnu.edu.vn/viet-nam-thieu-nhan-luc-co-tay-nghe-ve-ky-thuat-robot/,Số chỉ tiêu ngành Kỹ thuật Robot trong kỳ tuyển sinh năm 2018 - 2019?,60 chỉ tiêu.
241,Thu học phí của HVCH/NCS trong HKII năm học 2025-2026,https://uet.vnu.edu.vn/thu-hoc-phi-cua-hvch-ncs-trong-hkii-nam-hoc-2025-2026/,"Trong kỳ tuyển dụng viên chức hành chính năm 2023 của Trường Đại học Công nghệ, có bao nhiêu ứng viên được triệu tập tham dự thi Vòng 1?",100
242,Thu học phí của HVCH/NCS trong HKII năm học 2025-2026,https://uet.vnu.edu.vn/thu-hoc-phi-cua-hvch-ncs-trong-hkii-nam-hoc-2025-2026/,"Trong kỳ tuyển dụng viên chức hành chính năm 2023 của Trường Đại học Công nghệ, có bao nhiêu ứng viên được triệu tập tham dự thi Vòng 1?",100
243,Kế hoạch thi tuyển viên chức năm 2016,https://uet.vnu.edu.vn/ke-hoach-thi-tuyen-vien-chuc-nam-2016/,"Trong kỳ tuyển dụng viên chức năm 2016 của Trường Đại học Công nghệ, bao nhiêu ứng viên được triệu tập tham dự thi Vòng 1?",13
244,Kế hoạch thi tuyển viên chức năm 2016,https://uet.vnu.edu.vn/ke-hoach-thi-tuyen-vien-chuc-nam-2016/,"Trong kỳ tuyển dụng viên chức năm 2016 của Trường Đại học Công nghệ, bao nhiêu ứng viên được triệu tập tham dự thi Vòng 2?",Không có thông tin rõ ràng trong văn bản.
245,Hơn 240 thí sinh bước vào kỳ thi chọn đội tuyển Olympic Trí tuệ nhân tạo năm 2026,https://uet.vnu.edu.vn/hon-240-thi-sinh-buoc-vao-ky-thi-chon-doi-tuyen-olympic-tri-tue-nhan-tao-nam-2026/,Nguồn thông tin về kỳ thi chọn đội tuyển Olympic Trí tuệ nhân tạo năm 2026?,Bài viết này đưa ra thông tin về kỳ thi chọn đội tuyển Olympic Trí tuệ nhân tạo năm 2026.
246,Hơn 240 thí sinh bước vào kỳ thi chọn đội tuyển Olympic Trí tuệ nhân tạo năm 2026,https://uet.vnu.edu.vn/hon-240-thi-sinh-buoc-vao-ky-thi-chon-doi-tuyen-olympic-tri-tue-nhan-tao-nam-2026/,Số lượng thí sinh tham dự kỳ thi chọn đội tuyển Olympic Trí tuệ nhân tạo năm 2026?,Bài viết này đưa ra thông tin rằng có 246 thí sinh tham dự kỳ thi chọn đội tuyển Olympic Trí tuệ nhân tạo năm 2026.
247,Danh sách lớp khóa học Khóa QH-2025-I/CQ (K70) năm học 2025-2026,https://uet.vnu.edu.vn/danh-sach-lop-khoa-hoc-khoa-qh-2025-icq-k70-nam-hoc-2025-2026/,"Trong danh sách lớp khóa học năm học 2025-2026, lớp nào được gọi là K70?",K70.
248,Danh sách lớp khóa học Khóa QH-2025-I/CQ (K70) năm học 2025-2026,https://uet.vnu.edu.vn/danh-sach-lop-khoa-hoc-khoa-qh-2025-icq-k70-nam-hoc-2025-2026/,Lớp khóa học K70 thuộc danh sách lớp khóa học năm học 2025-2026 của trường nào?,Trường đại học công nghệ.
249,Trả thẻ BHTT cho sinh viên,https://uet.vnu.edu.vn/tra-the-bhtt-cho-sinh-vien/,Số lượng sinh viên tham gia BHTT tại Trường?,4094
250,Trả thẻ BHTT cho sinh viên,https://uet.vnu.edu.vn/tra-the-bhtt-cho-sinh-vien/,Số lượng sinh viên thuộc đối tượng phải nộp phí và được miễn phí?,4000 sinh viên và 94 sinh viên.
251,Hoàn thiện thủ tục nhập học và thực hiện một số hoạt động đầu khóa,https://uet.vnu.edu.vn/hoan-thien-thu-tuc-nhap-hoc-va-thuc-hien-mot-hoat-dong-dau-khoa-3/,"Trong kỳ tuyển dụng viên chức hành chính năm 2023 của Trường Đại học Công nghệ, có bao nhiêu ứng viên được triệu tập tham dự thi Vòng 1?",100
252,Hoàn thiện thủ tục nhập học và thực hiện một số hoạt động đầu khóa,https://uet.vnu.edu.vn/hoan-thien-thu-tuc-nhap-hoc-va-thuc-hien-mot-hoat-dong-dau-khoa-3/,"Thực hiện kế hoạch đào tạo đại học năm học 2025-2026, Nhà trường yêu cầu sinh viên khóa QH-2025 (K70) hoàn thiện thủ tục nhập học và thực hiện một số hoạt động đầu khóa học, đầu năm học, cụ thể như sau:","1. Hoàn thiện thủ tục tài chính:
- Trước Thứ Tư, ngày 10/09/2025, nếu sinh viên chưa thực hiện nộp các khoản thu đầu khóa học (10.000.000đ):
  + Học phí học kỳ I, năm học 2025-2026"
253,Gia hạn thẻ BHYT năm 2026,https://uet.vnu.edu.vn/gia-han-bhyt-nam-2026/,Các sinh viên khóa QH-2025 (K70) đã thực hiện những gì?,Không thực hiện các nội dung trong thông báo.
254,Gia hạn thẻ BHYT năm 2026,https://uet.vnu.edu.vn/gia-han-bhyt-nam-2026/,"Những sinh viên khóa QH-(2022,2023,2024) đã làm gì?",Nộp đơn xin không tham gia BHYT tại trường.
255,Tân sinh viên K62 ngày đầu tiên nhập học,https://uet.vnu.edu.vn/tan-sinh-vien-k62-ngay-dau-tien-nhap-hoc/,"Trong kỳ tuyển sinh đại học năm 2017, tại Hội trường Nguyễn Văn Đạo, trường Đại học Công nghệ đã tổ chức đón nhận và làm thủ tục nhập học cho ai?",Tân sinh viên
256,Tân sinh viên K62 ngày đầu tiên nhập học,https://uet.vnu.edu.vn/tan-sinh-vien-k62-ngay-dau-tien-nhap-hoc/,"Tại Hội trường Nguyễn Văn Đạo, trường Đại học Công nghệ đã tổ chức đón nhận và làm thủ tục nhập học cho ai?",Tân sinh viên
257,"04 tiến sĩ, 138 học viên cao học và 56 sinh viên nhận bằng tốt nghiệp năm 2016",https://uet.vnu.edu.vn/04-tien-si-138-hoc-vien-cao-hoc-va-56-sinh-vien-nhan-bang-tot-nghiep-nam-2016/,Số lượng sinh viên được trao bằng tốt nghiệp năm 2016?,56
258,"04 tiến sĩ, 138 học viên cao học và 56 sinh viên nhận bằng tốt nghiệp năm 2016",https://uet.vnu.edu.vn/04-tien-si-138-hoc-vien-cao-hoc-va-56-sinh-vien-nhan-bang-tot-nghiep-nam-2016/,Số lượng tiến sĩ được trao bằng tốt nghiệp năm 2016?,4
259,Lễ bảo vệ luận án tiến sĩ chuyên ngành Kỹ thuật điện tử của Nghiên cứu sinh Nguyễn Thị Thanh Vân,https://uet.vnu.edu.vn/le-bao-ve-luan-tien-si-chuyen-nganh-ky-thuat-dien-tu-cua-nghien-cuu-sinh-nguyen-thi-thanh-van/,Ai là chủ tịch hội đồng chấm luận án tiến sĩ?,PGS.TS. Bạch Nhật Hồng - Viện Khoa học và Công nghệ quân sự
260,Lễ bảo vệ luận án tiến sĩ chuyên ngành Kỹ thuật điện tử của Nghiên cứu sinh Nguyễn Thị Thanh Vân,https://uet.vnu.edu.vn/le-bao-ve-luan-tien-si-chuyen-nganh-ky-thuat-dien-tu-cua-nghien-cuu-sinh-nguyen-thi-thanh-van/,Ai là thư ký hội đồng chấm luận án tiến sĩ?,PGS.TS. Trần Đức Tân - Trường ĐHCN
261,Nguyễn Hà Linh – Sao Tháng Giêng 2025: Nữ sinh với hành trình tỏa sáng từ giảng đường UET,https://uet.vnu.edu.vn/nguyen-ha-linh-sao-thang-gieng-2025-nu-sinh-voi-hanh-trinh-toa-sang-tu-giang-duong-uet/,"Trong kỳ tuyển dụng viên chức hành chính năm 2023 của Trường Đại học Công nghệ, có bao nhiêu ứng viên được triệu tập tham dự thi Vòng 1?",60 ứng viên
262,Nguyễn Hà Linh – Sao Tháng Giêng 2025: Nữ sinh với hành trình tỏa sáng từ giảng đường UET,https://uet.vnu.edu.vn/nguyen-ha-linh-sao-thang-gieng-2025-nu-sinh-voi-hanh-trinh-toa-sang-tu-giang-duong-uet/,"Trong kỳ tuyển dụng viên chức hành chính năm 2023 của Trường Đại học Công nghệ, có bao nhiêu ứng viên được triệu tập tham dự thi Vòng 1?",60 ứng viên
263,Hội nghị tổng kết 10 năm đào tạo theo tín chỉ giai đoạn 2006-2016,https://uet.vnu.edu.vn/hoi-nghi-tong-ket-10-nam-dao-tao-theo-tin-chi-giai-doan-2006-2016/,Tiêu đề của bài viết?,Hội nghị tổng kết 10 năm đào tạo theo tín chỉ giai đoạn 2006-2016
264,Hội nghị tổng kết 10 năm đào tạo theo tín chỉ giai đoạn 2006-2016,https://uet.vnu.edu.vn/hoi-nghi-tong-ket-10-nam-dao-tao-theo-tin-chi-giai-doan-2006-2016/,Địa điểm tổ chức hội nghị?,Nhà E3
265,Hội nghị tổng kết 10 năm đào tạo theo tín chỉ giai đoạn 2006-2016,https://uet.vnu.edu.vn/hoi-nghi-tong-ket-10-nam-dao-tao-theo-tin-chi-giai-doan-2006-2016/,Ai là người phát biểu khai mạc hội nghị?,PGS.TS. Nguyễn Việt Hà
266,Hội nghị tổng kết 10 năm đào tạo theo tín chỉ giai đoạn 2006-2016,https://uet.vnu.edu.vn/hoi-nghi-tong-ket-10-nam-dao-tao-theo-tin-chi-giai-doan-2006-2016/,Hội nghị tổng kết 10 năm đào tạo theo tín chỉ được tổ chức vào ngày nào?,13/01/2017
267,Đăng ký thi OLP Toán học Sinh viên Trường ĐHCN năm 2025,https://uet.vnu.edu.vn/dang-ky-thi-olp-toan-hoc-sinh-vien-truong-dhcn-nam-2025/,Số lượng sinh viên tham gia vòng sơ loại OLP Toán học cấp Trường ĐHCN năm 2025?,Tất cả các sinh viên đang học tập tại Trường.
268,Đăng ký thi OLP Toán học Sinh viên Trường ĐHCN năm 2025,https://uet.vnu.edu.vn/dang-ky-thi-olp-toan-hoc-sinh-vien-truong-dhcn-nam-2025/,Địa điểm thi OLP Toán học cấp Trường ĐHCN năm 2025?,Khu giảng đường Kiều Mai (phòng thi cụ thể sẽ được thông báo cho sinh viên qua email).
269,Quy chế đào tạo tiến sĩ tại Đại học Quốc gia Hà Nội,https://uet.vnu.edu.vn/quy-che-dao-tao-tien-si-tai-dai-hoc-quoc-gia-ha-noi/,Quy chế đào tạo tiến sĩ tại Đại học Quốc gia Hà Nội bao gồm những nội dung nào?,"Quy định chung; Tuyển sinh; Chương trình đào tạo; Tổ chức và quản lý đào tạo; Lý luận và đánh giá lý luận; Công nhận học vị và cấp bằng tiến sĩ; Tiêu chuẩn, trách nhiệm, quyền hạn của cá nhân và đơn vị tham gia đào tạo nghiên cứu sinh; Tài chính trong quá trình đào tạo tiến sĩ."
270,Quy chế đào tạo tiến sĩ tại Đại học Quốc gia Hà Nội,https://uet.vnu.edu.vn/quy-che-dao-tao-tien-si-tai-dai-hoc-quoc-gia-ha-noi/,Quy chế đào tạo tiến sĩ tại Đại học Quốc gia Hà Nội áp dụng cho các chương trình đào tạo tiến sĩ nào?,Các chương trình đào tạo tiến sĩ do Đại học Quốc gia Hà Nội cấp bằng (kể cả các chương trình đào tạo tiến sĩ liên kết quốc tế do Đại học Quốc gia Hà Nội cấp bằng).
271,Trường ĐHCN tuyển trực giảng và bảo vệ,https://uet.vnu.edu.vn/15710-2/,"Trong kỳ tuyển dụng viên chức hành chính năm 2023 của Trường Đại học Công nghệ, có bao nhiêu nhân viên trực giảng?",1
272,Trường ĐHCN tuyển trực giảng và bảo vệ,https://uet.vnu.edu.vn/15710-2/,"Trong kỳ tuyển dụng viên chức hành chính năm 2023 của Trường Đại học Công nghệ, có bao nhiêu nhân viên bảo vệ?",1
273,"Báo cáo tình hình việc làm của cựu sinh viên tốt nghiệp năm 2021 (K60, K61, K62, K63)",https://uet.vnu.edu.vn/bao-cao-tinh-hinh-viec-lam-cua-cuu-sinh-vien-tot-nghiep-nam-2021-k60-k61-k62-k63/,Bao nhiêu sinh viên tốt nghiệp năm 2021?,5
274,"Báo cáo tình hình việc làm của cựu sinh viên tốt nghiệp năm 2021 (K60, K61, K62, K63)",https://uet.vnu.edu.vn/bao-cao-tinh-hinh-viec-lam-cua-cuu-sinh-vien-tot-nghiep-nam-2021-k60-k61-k62-k63/,"Trong báo cáo này, đã khảo sát những ai?","Sinh viên tốt nghiệp năm 2021: K60, K61, K62, K63"
275,Mức điểm nhận đăng ký xét tuyển vào đại học chính quy năm 2018,https://uet.vnu.edu.vn/muc-diem-nhan-dang-ky-xet-tuyen-vao-dai-hoc-chinh-quy-nam-2018-2/,Mức điểm nhận đăng ký xét tuyển vào đại học chính quy năm 2018 cho ngành công nghệ thông tin?,20
276,Mức điểm nhận đăng ký xét tuyển vào đại học chính quy năm 2018,https://uet.vnu.edu.vn/muc-diem-nhan-dang-ky-xet-tuyen-vao-dai-hoc-chinh-quy-nam-2018-2/,Mức điểm nhận đăng ký xét tuyển vào đại học chính quy năm 2018 cho ngành kỹ thuật robot?,16
277,Kỳ thi Olympic Toán sinh viên toàn quốc năm 2019: 8/9 sinh viên Trường ĐHCN đạt giải thưởng,https://uet.vnu.edu.vn/sinh-vien-dat-89-giai-thuong-tai-ky-thi-olympic-toan-sinh-vien-toan-quoc-nam-2019/,Số sinh viên của Trường ĐHCN tham dự kỳ thi Olympic Toán sinh viên toàn quốc năm 2019?,8
278,Kỳ thi Olympic Toán sinh viên toàn quốc năm 2019: 8/9 sinh viên Trường ĐHCN đạt giải thưởng,https://uet.vnu.edu.vn/sinh-vien-dat-89-giai-thuong-tai-ky-thi-olympic-toan-sinh-vien-toan-quoc-nam-2019/,Thành tích của sinh viên Trường ĐHCN trong kỳ thi Olympic Toán sinh viên toàn quốc năm 2019?,8/9 sinh viên đạt giải thưởng.
279,Quy chế mới về đào tạo bậc đại học tại Đại học Quốc gia Hà Nội: Tiếp tục nâng cao chất lượng và tạo điều kiện thuận lợi hơn cho người học,https://uet.vnu.edu.vn/quy-che-moi-ve-dao-tao-bac-dai-hoc-tai-dai-hoc-quoc-gia-ha-noi-tiep-tuc-nang-cao-chat-luong-va-tao-dieu-kien-thuan-loi-hon-cho-nguoi-hoc/,Quy chế mới về đào tạo bậc đại học tại Đại học Quốc gia Hà Nội bao gồm bao nhiêu chương?,9
280,Quy chế mới về đào tạo bậc đại học tại Đại học Quốc gia Hà Nội: Tiếp tục nâng cao chất lượng và tạo điều kiện thuận lợi hơn cho người học,https://uet.vnu.edu.vn/quy-che-moi-ve-dao-tao-bac-dai-hoc-tai-dai-hoc-quoc-gia-ha-noi-tiep-tuc-nang-cao-chat-luong-va-tao-dieu-kien-thuan-loi-hon-cho-nguoi-hoc/,Quy chế mới về đào tạo bậc đại học tại Đại học Quốc gia Hà Nội áp dụng cho ai?,Các đơn vị và cá nhân tham gia vào quá trình đào tạo bậc đại học theo hình thức chính quy và hình thức vừa làm vừa học tại Đại học Quốc gia Hà Nội.
281,Các thủ tục hành chính và mẫu biểu dành cho sinh viên,https://uet.vnu.edu.vn/mot-van-ban-mau-bieu/,Có bao nhiêu thủ tục hành chính được liệt kê trong văn bản?,8
282,Các thủ tục hành chính và mẫu biểu dành cho sinh viên,https://uet.vnu.edu.vn/mot-van-ban-mau-bieu/,"Trong số các thủ tục hành chính được liệt kê, có bao nhiêu thủ tục liên quan đến việc xem lại bài thi?",1
283,Xử lý học vụ học kỳ I năm học 2025-2026,https://uet.vnu.edu.vn/xu-ly-hoc-vu-hoc-ky-nam-hoc-2025-2026/,"Trong văn bản này, thông tin gì được gửi qua email?","Chi tiết danh sách các sinh viên thuộc diện cảnh báo học vụ, nhắc nhở vì kết quả học tập chưa tốt, và các sinh viên thuộc diện không tham gia học."
284,Xử lý học vụ học kỳ I năm học 2025-2026,https://uet.vnu.edu.vn/xu-ly-hoc-vu-hoc-ky-nam-hoc-2025-2026/,Nội dung chính của cuộc họp hội đồng xử lý học vụ năm học 2025-2026 tại Trường Đại học Công nghệ là gì?,"Chi tiết danh sách các sinh viên thuộc diện cảnh báo học vụ, nhắc nhở vì kết quả học tập chưa tốt, và các sinh viên thuộc diện không tham gia học."
285,"Kết quả thi Vòng 1 và triệu tập ứng viên đủ điều kiện tham dự Vòng 2  kỳ thi tuyển dụng viên chức hành chính, kỹ thuật năm 2023",https://uet.vnu.edu.vn/ket-qua-thi-vong-1-va-trieu-tap-ung-vien-du-dieu-kien-tham-du-vong-2-ky-thi-tuyen-dung-vien-chuc-hanh-chinh-ky-thuat-nam-2023/,"Trong kỳ tuyển dụng viên chức hành chính năm 2023 của Trường Đại học Công nghệ, có bao nhiêu ứng viên được triệu tập tham dự thi Vòng 1?",20 người
286,"Kết quả thi Vòng 1 và triệu tập ứng viên đủ điều kiện tham dự Vòng 2  kỳ thi tuyển dụng viên chức hành chính, kỹ thuật năm 2023",https://uet.vnu.edu.vn/ket-qua-thi-vong-1-va-trieu-tap-ung-vien-du-dieu-kien-tham-du-vong-2-ky-thi-tuyen-dung-vien-chuc-hanh-chinh-ky-thuat-nam-2023/,"Trong kỳ tuyển dụng viên chức hành chính năm 2023 của Trường Đại học Công nghệ, có bao nhiêu ứng viên đủ điều kiện tham dự thi Vòng 2?",20 người
287,"Danh sách hủy kết quả đăng ký môn học/không được đăng kí môn học trong học kỳ I, năm học 2025-2026 do nợ học phí",https://uet.vnu.edu.vn/danh-sach-huy-ket-qua-dang-ky-mon-hockhong-duoc-dang-ki-mon-hoc-trong-hoc-ky-nam-hoc-2025-2026-no-hoc-phi/,"Trong học kỳ II và học kỳ phụ năm học 2024-2025, Nhà trường đã ban hành các Quyết định về việc thu học phí của các sinh viên hệ chuẩn/hệ CLC TT23/bằng kép, tiếp đó, Nhà trường cũng đã thông báo về hình thức, thời hạn nộp học phí và các khoản nợ (nếu có) của sinh viên?",Các sinh viên có tên trong danh sách này bị hủy kết quả đăng ký môn học và không được đăng ký môn học trong học kỳ I năm học 2025-2026.
288,Quy định mới về tổ chức đào tạo trực tuyến và xây dựng bài giảng điện tử,https://uet.vnu.edu.vn/quy-dinh-moi-ve-chuc-dao-tao-truc-tuyen-va-xay-dung-bai-giang-dien-tu/,"Theo quyết định số 4391/QĐ-ĐHQGHN ngày 29/12/2021 của Giám đốc Đại học Quốc gia Hà Nội, áp dụng cho bậc đào tạo đại học và sau đại học, hệ thống bài giảng điện tử được thực hiện theo quy chuẩn nào?",Hệ thống bài giảng điện tử được thực hiện theo quy chuẩn để sử dụng cho hệ thống quản lý học tập chính quy (Learning Management System – LMS).
289,Lễ bế giảng và trao bằng tốt nghiệp năm học 2016-2017,https://uet.vnu.edu.vn/le-giang-va-trao-bang-tot-nghiep-nam-hoc-2016-2017-2/,Ai là người phát biểu tại buổi lễ?,PGS.TS. Nguyễn Việt Hà
290,Lễ bế giảng và trao bằng tốt nghiệp năm học 2016-2017,https://uet.vnu.edu.vn/le-giang-va-trao-bang-tot-nghiep-nam-hoc-2016-2017-2/,Có bao nhiêu sinh viên được công nhận tốt nghiệp?,362
291,Lễ bế giảng và trao bằng tốt nghiệp năm học 2016-2017,https://uet.vnu.edu.vn/le-giang-va-trao-bang-tot-nghiep-nam-hoc-2016-2017-2/,Bao nhiêu sinh viên được xếp loại xuất sắc?,13
292,Lễ bế giảng và trao bằng tốt nghiệp năm học 2016-2017,https://uet.vnu.edu.vn/le-giang-va-trao-bang-tot-nghiep-nam-hoc-2016-2017-2/,Bao nhiêu sinh viên đạt loại giỏi?,82
293,Kỹ sư Công nghệ nông nghiệp – ngành hot thời 4.0,https://uet.vnu.edu.vn/ky-su-cong-nghe-nong-nghiep-nganh-hot-thoi-4-0/,Có bao nhiêu tập đoàn doanh nghiệp lớn của Việt Nam đang đầu tư vào lĩnh vực nông nghiệp thông minh?,"Nhiều tập đoàn doanh nghiệp lớn của Việt Nam đang đầu tư vào lĩnh vực nông nghiệp thông minh, nông nghiệp công nghệ cao như: Vingroup, TH, Hoàng Anh Gia Lai, Hoà Phát, Thaco, VNPT."
294,Kỹ sư Công nghệ nông nghiệp – ngành hot thời 4.0,https://uet.vnu.edu.vn/ky-su-cong-nghe-nong-nghiep-nganh-hot-thoi-4-0/,Kỹ Sư Công Nghệ Nông Nghiệp khác gì với Kỹ Sư Nông Nghiệp đang đào tạo tại các trường khác?,"Kỹ Sư Công Nghệ Nông Nghiệp là một chuyên ngành mới, đào tạo theo phương pháp ""Học Bằng Làm"". Nó tập trung vào việc thực hành tại các phòng thí nghiệm công nghệ tiên tiến, trại thực hành công nghệ nông nghiệp và các viện nghiên cứu. Người học sẽ tận dụng những nền tảng công nghệ của Trường Đại Học"
295,"Tuần lễ hội nhập cho sinh viên, năm học 2017-2018",https://uet.vnu.edu.vn/tuan-le-hoi-nhap-cho-sinh-vien-nam-hoc-2017-2018/,"Từ ngày 21/08 đến 25/08, Trường Đại học Công nghệ đã tổ chức Tuần lễ hội nhập cho sinh viên, năm học 2017-2018, gồm nhiều hoạt động cụ thể.","Tuần lễ hội nhập cho sinh viên, năm học 2017-2018"
296,"Tuần lễ hội nhập cho sinh viên, năm học 2017-2018",https://uet.vnu.edu.vn/tuan-le-hoi-nhap-cho-sinh-vien-nam-hoc-2017-2018/,"Từ ngày 21/08 đến 25/08, Trường Đại học Công nghệ đã tổ chức Tuần lễ hội nhập cho sinh viên, năm học 2017-2018, gồm nhiều hoạt động cụ thể.","Tuần lễ hội nhập cho sinh viên, năm học 2017-2018"
297,Kết quả rèn luyện học kỳ II năm học 2024-2025,https://uet.vnu.edu.vn/ket-qua-ren-luyen-hoc-ky-ii-nam-hoc-2024-2025/,Tiêu đề của bài viết?,Kết quả rèn luyện học kỳ II năm học 2024-2025
298,Kết quả rèn luyện học kỳ II năm học 2024-2025,https://uet.vnu.edu.vn/ket-qua-ren-luyen-hoc-ky-ii-nam-hoc-2024-2025/,Số lượng khoa được liệt kê trong danh sách điểm rèn luyện học kỳ II năm học 2024-2025?,8
299,Kết quả rèn luyện học kỳ II năm học 2024-2025,https://uet.vnu.edu.vn/ket-qua-ren-luyen-hoc-ky-ii-nam-hoc-2024-2025/,Địa chỉ liên hệ cho phòng công tác sinh viên?,"Phòng Công tác sinh viên, số điện thoại: 024.37548864, email: nthue153@vnu.edu.vn (cô Huế)"
300,Kết quả rèn luyện học kỳ II năm học 2024-2025,https://uet.vnu.edu.vn/ket-qua-ren-luyen-hoc-ky-ii-nam-hoc-2024-2025/,Thời hạn thắc mắc sau khi đăng ký?,Trước 15h ngày 10/10/2025
301,Chương trình tuyển dụng sinh viên tốt nghiệp đại học,https://uet.vnu.edu.vn/chuong-trinh-tuyen-dung-sinh-vien-tot-nghiep-dai-hoc/,"Bao nhiêu trường Đại học, Học viện trong và ngoài nước chấp nhận ứng viên đã từng thi tuyển trượt?",10
302,Chương trình tuyển dụng sinh viên tốt nghiệp đại học,https://uet.vnu.edu.vn/chuong-trinh-tuyen-dung-sinh-vien-tot-nghiep-dai-hoc/,Địa điểm làm việc tại Hà Nội gồm những công ty nào?,"Trung tâm nghiên cứu & phát triển điện thoại di động Samsung Việt Nam (SVMC), Công ty TNHH Samsung SDS Việt Nam (SDSV), Công ty TNHH Samsung Electronics Việt Nam Thái Nguyên (SEVT), Công ty TNHH Samsung Electro-Mechanics Việt Nam (SEMV)."
303,"Một số văn bản, biểu mẫu dành cho học viên cao học/nghiên cứu sinh",https://uet.vnu.edu.vn/mo%cc%a3t-van-ba%cc%89n-bie%cc%89u-ma%cc%83u/,Đề cập đến những loại giấy tờ nào thường được sử dụng cho học viên cao học/nghiên cứu sinh?,"Giấy chứng nhận là học viên cao học, nghiên cứu sinh"
304,"Một số văn bản, biểu mẫu dành cho học viên cao học/nghiên cứu sinh",https://uet.vnu.edu.vn/mo%cc%a3t-van-ba%cc%89n-bie%cc%89u-ma%cc%83u/,Có bao nhiêu loại văn bản được liệt kê trong danh sách trên?,12 loại văn bản
305,Khám sức khỏe đầu khóa,https://uet.vnu.edu.vn/kham-suc-khoe-dau-khoa-2/,Các sinh viên khóa QH-2025 (K70) đã không thực hiện khám sức khỏe đầu khóa học theo quy định?,Có.
306,Khám sức khỏe đầu khóa,https://uet.vnu.edu.vn/kham-suc-khoe-dau-khoa-2/,Thời gian cụ thể cho việc khám sức khỏe đầu khóa học là gì?,"Từ thứ Hai, ngày 01/12/2025 đến hết thứ Sáu, ngày 05/12/2025."
307,Dấu ấn K58: Trưởng thành qua năm tháng,https://uet.vnu.edu.vn/dau-k58-truong-thanh-qua-nam-thang/,"Trong chương trình ""Dấu ấn K58"", ai là người phát biểu chúc mừng sự thành công của các tân cử nhân?",PGS.TS. Chử Đức Trình
308,Dấu ấn K58: Trưởng thành qua năm tháng,https://uet.vnu.edu.vn/dau-k58-truong-thanh-qua-nam-thang/,"Tại chương trình ""Dấu ấn K58"", ông Chử Đức Trình đã làm gì?",Ông Chử Đức Trình đã gửi lời chúc mừng đến sự thành công của các tân cử nhân trong 4 năm học qua.
309,07 sinh viên Trường Đại học Công nghệ nhận học bổng tài năng Samsung – STP 2022,https://uet.vnu.edu.vn/07-sinh-vien-truong-dai-hoc-cong-nghe-nhan-hoc-bong-tai-nang-samsung-stp-2022/,Bảy sinh viên trường Đại học Công nghệ – Đại học Quốc gia Hà Nội xuất sắc giành học bổng Tài năng Samsung trị giá hàng trăm triệu đồng.,"Các bạn sinh viên sẽ nhận được hơn 73 triệu VND tiền mặt/ suất, sau đó được thực tập chuyên sâu trong 3 tháng vào học kỳ cuối với sự hướng dẫn của các kỹ sư tại Tập đoàn Samsung, cũng như lộ trình ngắn nhất để trở thành kỹ sư lập trình của Samsung Hanoi R&D Campus tại Starlake Tây Hồ Tây. Đồng thời, sinh viên sau khi tốt nghiệp có thể trở thành nhân viên chính thức của Samsung R&D lớn nhất Đông Nam Á."
310,07 sinh viên Trường Đại học Công nghệ nhận học bổng tài năng Samsung – STP 2022,https://uet.vnu.edu.vn/07-sinh-vien-truong-dai-hoc-cong-nghe-nhan-hoc-bong-tai-nang-samsung-stp-2022/,Sinh viên Trường ĐHCN nhận học bổng tài năng Samsung – STP 2022.,"Các bạn sinh viên sẽ nhận được hơn 73 triệu VND tiền mặt/ suất, sau đó được thực tập chuyên sâu trong 3 tháng"
311,"Quy định điều kiện, trình tự, thủ tục mở ngành đào tạo trình độ Sau đại học",https://uet.vnu.edu.vn/quy-dinh-dieu-kien-trinh-tu-thu-tuc-mo-nganh-dao-tao-trinh-do-sau-dai-hoc/,"Trong văn bản này, thông qua những thông tư và quyết định của Bộ Giáo dục và Đào tạo, nhà trường đã thực hiện điều gì?","Thực hiện quy định về điều kiện, trình tự, thủ tục mở ngành đào tạo sau đại học."
312,"Quy định điều kiện, trình tự, thủ tục mở ngành đào tạo trình độ Sau đại học",https://uet.vnu.edu.vn/quy-dinh-dieu-kien-trinh-tu-thu-tuc-mo-nganh-dao-tao-trinh-do-sau-dai-hoc/,"Thông tư số 17/2021/TT-BGDĐT ngày 22/06/2021 của Bộ trưởng Bộ Giáo dục và Đào tạo quy định về chuẩn chương trình đào tạo; xây dựng, thẩm định và ban hành chương trình đào tạo các trình độ của giáo dục đại học. Đây là văn bản nào liên quan đến việc mở ngành đào tạo sau đại học?",Thông tư số 17/2021/TT-BGDĐT ngày 22/06/2021 của Bộ trưởng Bộ Giáo dục và Đào tạo quy định về chuẩn chương trình đào tạo; xây
313,Thông tin tuyển sinh Sau đại học đợt 1 năm 2022,https://uet.vnu.edu.vn/thong-tin-tuyen-sinh-sau-dai-hoc-dot-1-nam-2022/,"Trong kỳ tuyển sinh sau đại học năm 2022 của Trường Đại học Công nghệ, có bao nhiêu chuyên ngành được tuyển?",5
314,Thông tin tuyển sinh Sau đại học đợt 1 năm 2022,https://uet.vnu.edu.vn/thong-tin-tuyen-sinh-sau-dai-hoc-dot-1-nam-2022/,"Trong kỳ tuyển sinh sau đại học năm 2022 của Trường Đại học Công nghệ, có bao nhiêu chuyên ngành được tuyển?",5
315,Giáo sư Nhật Bản giảng dạy cho học viên cao học Nhiệm vụ chiến lược chương trình Khoa học máy tính,https://uet.vnu.edu.vn/giao-su-nhat-ban-giang-day-cho-hoc-vien-cao-hoc-nhiem-vu-chien-luoc-chuong-trinh-khoa-hoc-may-tinh/,Giảng viên nào từ viện JAIST Nhật Bản đến từ viện Khoa học và Công nghệ Tiên tiến Nhật Bản?,GS. Mizuhito Ogawa
316,Giáo sư Nhật Bản giảng dạy cho học viên cao học Nhiệm vụ chiến lược chương trình Khoa học máy tính,https://uet.vnu.edu.vn/giao-su-nhat-ban-giang-day-cho-hoc-vien-cao-hoc-nhiem-vu-chien-luoc-chuong-trinh-khoa-hoc-may-tinh/,"Trong khóa học này, học viên cao học chương trình Khoa học máy tính sẽ được gì?",Một trong những lợi thế khi được trực tiếp giảng dạy và được giới thiệu các hướng nghiên cứu mới bởi các giáo sư hàng đầu đến từ các trường đối tác.
317,Chương trình học bổng theo diện hiệp định giữa Việt Nam và Ca-dắc-xtan năm 2026,https://uet.vnu.edu.vn/chuong-trinh-hoc-bong-theo-dien-hiep-dinh-giua-viet-nam-va-ca-dac-xtan-nam-2026/,"Trong chương trình học bổng theo diện hiệp định giữa Việt Nam và Ca-dắc-xtan năm 2026, thông báo tuyển sinh cho năm học 2026 được công bố khi nào?",Ngày 13/05/2026
318,Chương trình học bổng theo diện hiệp định giữa Việt Nam và Ca-dắc-xtan năm 2026,https://uet.vnu.edu.vn/chuong-trinh-hoc-bong-theo-dien-hiep-dinh-giua-viet-nam-va-ca-dac-xtan-nam-2026/,Người học cần chuẩn bị những gì khi nộp hồ sơ đăng ký học bổng theo diện Hiệp định Việt Nam-Ca-dắc-xtan năm 2026?,"Hồ sơ phải nộp gồm 02 bộ: 01 bộ bằng tiếng Việt và 01 bộ bằng tiếng Anh hoặc tiếng Nga theo phụ lục số 01,02 của thông báo kèm theo."
319,Cập nhật báo cáo tình hình việc làm của sinh viên tốt nghiệp năm 2021 sau 1 năm ra trường,https://uet.vnu.edu.vn/cap-nhat-bao-cao-tinh-hinh-viec-lam-cua-sinh-vien-tot-nghiep-nam-2021-sau-1-nam-ra-truong/,"Trong báo cáo tình hình việc làm của sinh viên tốt nghiệp năm 2021 tại Trường Đại học Công nghệ, những thông tin gì được cung cấp?",Báo cáo này cung cấp và cập nhật thông tin về tình trạng việc làm của sinh viên tốt nghiệp và khả năng tham gia vào thị trường lao động của họ.
320,Cập nhật báo cáo tình hình việc làm của sinh viên tốt nghiệp năm 2021 sau 1 năm ra trường,https://uet.vnu.edu.vn/cap-nhat-bao-cao-tinh-hinh-viec-lam-cua-sinh-vien-tot-nghiep-nam-2021-sau-1-nam-ra-truong/,"Theo báo cáo, trường Đại học Công nghệ đã làm gì để cải thiện tỷ lệ sinh viên tốt nghiệp có việc làm?","Từ báo cáo này, trường đã bổ sung và cập nhật nội dung chương trình giảng dạy để nâng cao tỷ lệ sinh viên tốt nghiệp có việc làm."
321,"Trường Đại học Công nghệ, ĐHQGHN tuyển các vị trí chuyên viên hành chính, cán bộ kỹ thuật",https://uet.vnu.edu.vn/truong-dai-hoc-cong-nghe-dhqghn-tuyen-cac-vi-tri-chuyen-vien-hanh-chinh-can-bo-ky-thuat/,Số lượng vị trí chuyên viên hành chính và cán bộ kỹ thuật tuyển dụng?,03 chuyên viên hành chính và 01 cán bộ kỹ thuật.
322,"Trường Đại học Công nghệ, ĐHQGHN tuyển các vị trí chuyên viên hành chính, cán bộ kỹ thuật",https://uet.vnu.edu.vn/truong-dai-hoc-cong-nghe-dhqghn-tuyen-cac-vi-tri-chuyen-vien-hanh-chinh-can-bo-ky-thuat/,"Đối với vị trí chuyên viên, yêu cầu tối thiểu bao nhiêu tuổi cho người ứng tuyển?",Không quá 30 tuổi.
323,Trường Đại học Công nghệ – ĐHQGHN tuyển dụng viên chức giảng viên năm 2022,https://uet.vnu.edu.vn/truong-dai-hoc-cong-nghe-dhqghn-tuyen-dung-vien-chuc-giang-vien-nam-2022/,"Trong kỳ tuyển dụng viên chức giảng viên năm 2022 của Trường Đại học Công nghệ, có bao nhiêu ứng viên được triệu tập tham dự thi Vòng 1?",34
324,Trường Đại học Công nghệ – ĐHQGHN tuyển dụng viên chức giảng viên năm 2022,https://uet.vnu.edu.vn/truong-dai-hoc-cong-nghe-dhqghn-tuyen-dung-vien-chuc-giang-vien-nam-2022/,"Trong kỳ tuyển dụng viên chức giảng viên năm 2022 của Trường Đại học Công nghệ, có bao nhiêu ứng viên được triệu tập tham dự thi Vòng 2?",1
325,"Tuyển giảng viên có trình độ thạc sĩ, tiến sĩ cho các Khoa, Viện, Bộ môn thuộc Trường",https://uet.vnu.edu.vn/tuyen-giang-vien-co-trinh-thac-si-tien-si-cho-cac-khoa-vien-bo-mon-thuoc-truong-2/,"Trong kỳ tuyển dụng viên chức hành chính năm 2023 của Trường Đại học Công nghệ, có bao nhiêu ứng viên được triệu tập tham dự thi Vòng 1?",25
326,"Tuyển giảng viên có trình độ thạc sĩ, tiến sĩ cho các Khoa, Viện, Bộ môn thuộc Trường",https://uet.vnu.edu.vn/tuyen-giang-vien-co-trinh-thac-si-tien-si-cho-cac-khoa-vien-bo-mon-thuoc-truong-2/,"Trong kỳ tuyển dụng viên chức hành chính năm 2023 của Trường Đại học Công nghệ, có bao nhiêu ứng viên được triệu tập tham dự thi Vòng 1?",25
327,Nghiên cứu sinh và thực tập sinh sau tiến sĩ Trường Đại học Công nghệ xuất sắc nhận học bổng ươm tạo tài năng trẻ,https://uet.vnu.edu.vn/nghien-cuu-sinh-va-thuc-tap-sinh-sau-tien-si-truong-dai-hoc-cong-nghe-xuat-sac-nhan-hoc-bong-uom-tao-tai-nang-tre/,Ai là người đại diện cho các nghiên cứu sinh và thực tập sinh sau tiến sĩ?,TS. Phạm Hồng Công
328,Nghiên cứu sinh và thực tập sinh sau tiến sĩ Trường Đại học Công nghệ xuất sắc nhận học bổng ươm tạo tài năng trẻ,https://uet.vnu.edu.vn/nghien-cuu-sinh-va-thuc-tap-sinh-sau-tien-si-truong-dai-hoc-cong-nghe-xuat-sac-nhan-hoc-bong-uom-tao-tai-nang-tre/,"Tại buổi lễ trao học bổng, ai là người đại diện cho các nghiên cứu sinh và thực tập sinh sau tiến sĩ?",TS. Phạm Hồng Công
329,Tuyển dụng viên chức giảng viên năm 2021,https://uet.vnu.edu.vn/tuyen-dung-vien-chuc-giang-vien-nam-2021/,Tiêu đề của bài viết là gì?,Tuyển dụng viên chức giảng viên năm 2021
330,Tuyển dụng viên chức giảng viên năm 2021,https://uet.vnu.edu.vn/tuyen-dung-vien-chuc-giang-vien-nam-2021/,Số lượng vị trí tuyển dụng cho từng khoa và viện là bao nhiêu?,"1. Khoa Công nghệ thông tin: 06
2. Khoa Điện tử Viễn thông: 05
3. Khoa Vật lý kỹ thuật và Công nghệ Nano: 04
4. Khoa Cơ học kỹ thuật và Tự động hóa: 03
5. Khoa Công nghệ Nông nghiệp: 03
6. Viện Công nghệ Hàng không – Vũ trụ: 04
7. Bộ môn Công nghệ Xây dựng – Giao thông: 04
8. Viện Tiên tiến về Kỹ thuật và Công nghệ: 01
9. Trung tâm Công nghệ tích hợp liên ngành Giám sát hiện trường: 0"
331,"Tuyệt đối không phát tán, chia sẻ, bình luận các video, hình ảnh tiêu cực trên không gian mạng",https://uet.vnu.edu.vn/tuyet-doi-khong-phat-tan-chia-se-binh-luan-cac-video-hinh-anh-tieu-cuc-tren-khong-gian-mang/,"Công văn số 8408/BGDĐT-HSSV ngày 19/12/2025 của Bộ Giáo dục và Đào tạo yêu cầu Đại học Quốc gia Hà Nội tăng cường công tác quán triệt, tuyên truyền cho học sinh, sinh viên tuyệt đối không phát tán, chia sẻ, bình luận các video, hình ảnh tiêu cực trên không gian mạng.","Học sinh, sinh viên"
332,"Tuyệt đối không phát tán, chia sẻ, bình luận các video, hình ảnh tiêu cực trên không gian mạng",https://uet.vnu.edu.vn/tuyet-doi-khong-phat-tan-chia-se-binh-luan-cac-video-hinh-anh-tieu-cuc-tren-khong-gian-mang/,"Công văn số 8408/BGDĐT-HSSV ngày 19/12/2025 của Bộ Giáo dục và Đào tạo yêu cầu Đại học Quốc gia Hà Nội tăng cường công tác quán triệt, tuyên truyền cho học sinh, sinh viên tuyệt đối không phát tán, chia sẻ, bình luận các video, hình ảnh tiêu cực trên không gian mạng.",Người học
333,Đăng ký tham dự cuộc thi Procon UET 2025,https://uet.vnu.edu.vn/dang-ky-tham-du-cuoc-thi-procon-uet-2025/,"Trong kỳ tuyển dụng viên chức hành chính năm 2023 của Trường Đại học Công nghệ, có bao nhiêu ứng viên được triệu tập tham dự thi Vòng 1?",100
334,Đăng ký tham dự cuộc thi Procon UET 2025,https://uet.vnu.edu.vn/dang-ky-tham-du-cuoc-thi-procon-uet-2025/,"Trong kỳ tuyển dụng viên chức hành chính năm 2023 của Trường Đại học Công nghệ, có bao nhiêu ứng viên được triệu tập tham dự thi Vòng 1?",100
335,"Thông báo miễn thi môn ngoại ngữ, tin học trong kỳ thi tuyển dụng viên chức năm 2016",https://uet.vnu.edu.vn/thong-bao-mien-thi-mon-ngoai-ngu-tin-hoc-trong-ky-thi-tuyen-dung-vien-chuc-nam-2016/,"Trong kỳ thi tuyển dụng viên chức năm 2016, có bao nhiêu thí sinh được miễn thi môn ngoại ngữ?",3
336,"Thông báo miễn thi môn ngoại ngữ, tin học trong kỳ thi tuyển dụng viên chức năm 2016",https://uet.vnu.edu.vn/thong-bao-mien-thi-mon-ngoai-ngu-tin-hoc-trong-ky-thi-tuyen-dung-vien-chuc-nam-2016/,"Trong kỳ thi tuyển dụng viên chức năm 2016, có bao nhiêu thí sinh được miễn thi môn tin học?",1
337,"Lịch sinh hoạt đầu khóa, lịch học quân sự, lịch học chuyên môn của sinh viên K70",https://uet.vnu.edu.vn/lich-sinh-hoat-dau-khoa-lich-hoc-quan-su-lich-hoc-chuyen-mon-cua-sinh-vien-k70/,Tiêu đề bài viết là gì?,"Bài viết này là về lịch sinh hoạt đầu khóa, lịch học quân sự và lịch học chuyên môn của sinh viên K70 tại Trường Đại học Công nghệ."
338,"Lịch sinh hoạt đầu khóa, lịch học quân sự, lịch học chuyên môn của sinh viên K70",https://uet.vnu.edu.vn/lich-sinh-hoat-dau-khoa-lich-hoc-quan-su-lich-hoc-chuyen-mon-cua-sinh-vien-k70/,Nội dung chính của văn bản là gì?,"Nội dung chính của văn bản bao gồm kế hoạch học tập năm học 2025-2026 của Trường Đại học Công nghệ, mục đích của kế hoạch, lịch sinh hoạt đầu khóa, lịch học quân sự, lịch học chuyên môn, lịch sử hình thành và phát triển của trường, nội dung văn bản pháp quy quan trọng, kế hoạch học tập, hoạt động văn hóa, văn nghệ, thể thao, chương trình công tác Đoàn, Hội và phong trào thanh niên."
339,"Chương trình thực tập mùa Thu 2026 tại KIST, Hàn Quốc",https://uet.vnu.edu.vn/chuong-trinh-thuc-tap-mua-thu-2026-tai-kist-han-quoc/,Nơi diễn ra chương trình thực tập?,"Tại KIST, Hàn Quốc"
340,"Chương trình thực tập mùa Thu 2026 tại KIST, Hàn Quốc",https://uet.vnu.edu.vn/chuong-trinh-thuc-tap-mua-thu-2026-tai-kist-han-quoc/,Thời gian chương trình thực tập kéo dài bao lâu?,Từ tháng 09/2026 đến tháng 01/2027
341,Tham gia Hội thi Sáng tạo Kỹ thuật thành phố Hà Nội lần thứ 2 năm học 2024-2025,https://uet.vnu.edu.vn/tham-gia-hoi-thi-sang-tao-ky-thuat-thanh-pho-ha-noi-lan-thu-2-nam-hoc-2024-2025/,"Trong kỳ tuyển dụng viên chức hành chính năm 2023 của Trường Đại học Công nghệ, có bao nhiêu ứng viên được triệu tập tham dự thi Vòng 1?",100%
342,Dạy chế tạo vệ tinh siêu nhỏ cho sinh viên ngành vũ trụ,https://uet.vnu.edu.vn/day-che-tao-ve-tinh-sieu-nho-cho-sinh-vien-nganh-vu-tru/,Tiêu đề của bài viết?,"""Dạy chế tạo vệ tinh siêu nhỏ cho sinh viên ngành vũ trụ"""
343,Dạy chế tạo vệ tinh siêu nhỏ cho sinh viên ngành vũ trụ,https://uet.vnu.edu.vn/day-che-tao-ve-tinh-sieu-nho-cho-sinh-vien-nganh-vu-tru/,Tại sao phương pháp này được triển khai?,Để chuẩn bị nguồn nhân lực lâu dài cho ngành công nghiệp vũ trụ.
344,"Sinh viên Trường Đại học Công nghệ  tự tin học tập, nghiên cứu  tại Đại học Thanh Hoa",https://uet.vnu.edu.vn/sinh-vien-truong-dai-hoc-cong-nghe-tu-tin-hoc-tap-nghien-cuu-tai-dai-hoc-thanh-hoa/,"Trong kỳ tuyển dụng viên chức hành chính năm 2023 của Trường Đại học Công nghệ, có bao nhiêu ứng viên được triệu tập tham dự thi Vòng 1?",1
345,"Sinh viên Trường Đại học Công nghệ  tự tin học tập, nghiên cứu  tại Đại học Thanh Hoa",https://uet.vnu.edu.vn/sinh-vien-truong-dai-hoc-cong-nghe-tu-tin-hoc-tap-nghien-cuu-tai-dai-hoc-thanh-hoa/,"Trong kỳ tuyển dụng viên chức hành chính năm 2023 của Trường Đại học Công nghệ, có bao nhiêu ứng viên được triệu tập tham dự thi Vòng 1?",1
346,Kiểm tra danh sách sinh viên đủ điều kiện xét tốt nghiệp tháng 9/2025,https://uet.vnu.edu.vn/kiem-tra-danh-sach-sinh-vien-du-dieu-kien-xet-tot-nghiep-thang-92025/,Tiêu đề bài viết là gì?,Kiểm tra danh sách sinh viên đủ điều kiện xét tốt nghiệp tháng 9/2025
347,Kiểm tra danh sách sinh viên đủ điều kiện xét tốt nghiệp tháng 9/2025,https://uet.vnu.edu.vn/kiem-tra-danh-sach-sinh-vien-du-dieu-kien-xet-tot-nghiep-thang-92025/,Nội dung của văn bản nói về việc gì?,Tổng hợp danh sách sinh viên đủ điều kiện xét tốt nghiệp đến ngày 25/09/2025.
348,Đánh giá luận án Tiến sỹ của NCS Lê Văn Vinh,https://uet.vnu.edu.vn/danh-gia-luan-an-tien-sy-cua-ncs-le-van-vinh/,Nơi tổ chức đánh giá luận án Tiến sỹ của NCS Lê Văn Vinh?,"Trường Đại học Công nghệ, Đại học Quốc gia Hà Nội"
349,Đánh giá luận án Tiến sỹ của NCS Lê Văn Vinh,https://uet.vnu.edu.vn/danh-gia-luan-an-tien-sy-cua-ncs-le-van-vinh/,Ngày và giờ cụ thể của buổi đánh giá luận án này?,"08h30, ngày 20/6/2026"
350,"Điều chỉnh, bổ sung Quy định chế độ khen thưởng đối với các danh hiệu thi đua và hình thức khen thưởng sinh viên tại Trường Đại học Công nghệ",https://uet.vnu.edu.vn/dieu-chinh-bo-sung-quy-dinh-che-khen-thuong-doi-voi-cac-danh-hieu-thi-dua-va-hinh-thuc-khen-thuong-sinh-vien-tai-truong-dai-hoc-cong-nghe/,Đề cập đến việc điều chỉnh và bổ sung quy định về chế độ khen thưởng đối với các danh hiệu thi đua và hình thức khen thưởng sinh viên tại Trường Đại học Công nghệ?,Có
351,"Điều chỉnh, bổ sung Quy định chế độ khen thưởng đối với các danh hiệu thi đua và hình thức khen thưởng sinh viên tại Trường Đại học Công nghệ",https://uet.vnu.edu.vn/dieu-chinh-bo-sung-quy-dinh-che-khen-thuong-doi-voi-cac-danh-hieu-thi-dua-va-hinh-thuc-khen-thuong-sinh-vien-tai-truong-dai-hoc-cong-nghe/,"Văn bản nêu rõ mục đích sửa đổi điều 3, chương II của ""Quy định chế độ khen thưởng đối với các danh hiệu thi đua và hình thức khen thưởng sinh viên tại Trường Đại học Công nghệ""?",Có
352,"Học viên cao học, nghiên cứu sinh khóa QH-2017 (K24) nhập học đợt 2",https://uet.vnu.edu.vn/hoc-vien-cao-hoc-nghien-cuu-sinh-khoa-qh-2017-k24-nhap-hoc-dot-2/,Tổng số học viên và NCS trúng tuyển đợt 2 năm 2017?,58
353,"Học viên cao học, nghiên cứu sinh khóa QH-2017 (K24) nhập học đợt 2",https://uet.vnu.edu.vn/hoc-vien-cao-hoc-nghien-cuu-sinh-khoa-qh-2017-k24-nhap-hoc-dot-2/,Số học viên cao học và NCS trúng tuyển đợt 2 năm 2017?,54
354,Trường Đại học Công nghệ tuyển dụng nhân viên trực giảng,https://uet.vnu.edu.vn/truong-dai-hoc-cong-nghe-tuyen-dung-nhan-vien-truc-giang/,"Trong kỳ tuyển dụng viên chức hành chính năm 2023 của Trường Đại học Công nghệ, có bao nhiêu ứng viên được triệu tập tham dự thi Vòng 1?",01
355,Trường Đại học Công nghệ tuyển dụng nhân viên trực giảng,https://uet.vnu.edu.vn/truong-dai-hoc-cong-nghe-tuyen-dung-nhan-vien-truc-giang/,Trường Đại học Công nghệ cần tuyển bao nhiêu nhân viên trực giảng?,01
356,"Trường Đại học Công nghệ, Đại học Quốc gia Hà Nội tuyển nhân viên trực giảng",https://uet.vnu.edu.vn/truong-dai-hoc-cong-nghe-dai-hoc-quoc-gia-ha-noi-tuyen-nhan-vien-truc-giang/,"Trong kỳ tuyển dụng viên chức hành chính năm 2023 của Trường Đại học Công nghệ, Đại học Quốc gia Hà Nội, có bao nhiêu ứng viên được triệu tập tham dự thi Vòng 1?",01
357,"Trường Đại học Công nghệ, Đại học Quốc gia Hà Nội tuyển nhân viên trực giảng",https://uet.vnu.edu.vn/truong-dai-hoc-cong-nghe-dai-hoc-quoc-gia-ha-noi-tuyen-nhan-vien-truc-giang/,Thời gian nhận hồ sơ dự tuyển kéo dài bao lâu?,Từ ngày 05/9/2023 đến ngày 15/9/2023.
358,"Tổ chức Lễ bế giảng và trao bằng tốt nghiệp đợt 1 năm 2025 (NCS, HVCH, SV)",https://uet.vnu.edu.vn/chuc-le-giang-va-trao-bang-tot-nghiep-dot-1-nam-2025-ncs-hvch-sv/,"Tổ chức Lễ bế giảng và trao bằng tốt nghiệp đợt 1 năm 2025 (NCS, HVCH, SV) diễn ra vào ngày nào?",Ngày 05/07/2025
359,"Tổ chức Lễ bế giảng và trao bằng tốt nghiệp đợt 1 năm 2025 (NCS, HVCH, SV)",https://uet.vnu.edu.vn/chuc-le-giang-va-trao-bang-tot-nghiep-dot-1-nam-2025-ncs-hvch-sv/,Địa điểm tổ chức Lễ bế giảng và trao bằng tốt nghiệp đợt 1 năm 2025 là nơi nào?,"Hội trường Nguyễn Văn Đạo, ĐHQGHN, 144 Xuân Thủy, Cầu Giấy, Hà Nội"
